﻿Tank,Species,Light,Temp,Logger Serial Number,Week,Kelp,Yield,Bleaching,,,,,,,,,,,,,,
Kelp1,Ecklonia,ALAN,Warm,10237444,1,1,685,1,,,,,,,,,,,,,,
Kelp2,Ecklonia,ALAN,Ambient,20061305,1,1,710,1,,,,,,,,,,,,,,
Kelp3,Ecklonia,ALAN ,Warm,20061301,1,1,782,1,,,,,,,,,,,,,,
Kelp4,Ecklonia,ALAN,Ambient,20061292,1,1,681,1,,,,,,,,,,,,,,
Kelp5,Ecklonia,Dark,Ambient,20061291,1,1,737,1,,,,,,,,,,,,,,
Kelp6,Ecklonia,Dark,Ambient,20043395,1,1,697,1,,,,,,,,,,,,,,
Kelp7,Ecklonia,Dark,Warm,20011552,1,1,664,1,,,,,,,,,,,,,,
Kelp8,Ecklonia,Dark,Warm,20061302,1,1,697,1,,,,,,,,,,,,,,
Kelp1,Ecklonia,ALAN,Warm,10237444,2,1,772,1,,,,,,,,,,,,,,
Kelp2,Ecklonia,ALAN,Ambient,20061305,2,1,748,1,,,,,,,,,,,,,,
Kelp3,Ecklonia,ALAN ,Warm,20061301,2,1,783,1,,,,,,,,,,,,,,
Kelp4,Ecklonia,ALAN,Ambient,20061292,2,1,788,1,,,,,,,,,,,,,,
Kelp5,Ecklonia,Dark,Ambient,20061291,2,1,778,1,,,,,,,,,,,,,,
Kelp6,Ecklonia,Dark,Ambient,20043395,2,1,800,1,,,,,,,,,,,,,,
Kelp7,Ecklonia,Dark,Warm,20011552,2,1,783,1,,,,,,,,,,,,,,
Kelp8,Ecklonia,Dark,Warm,20061302,2,1,781,1,,,,,,,,,,,,,,
Kelp1,Ecklonia,ALAN,Warm,10237444,2.5,1,730,1,,,,,,,,,,,,,,
Kelp2,Ecklonia,ALAN,Ambient,20061305,2.5,1,760,1,,,,,,,,,,,,,,
Kelp3,Ecklonia,ALAN ,Warm,20061301,2.5,1,769,1,,,,,,,,,,,,,,
Kelp4,Ecklonia,ALAN,Ambient,20061292,2.5,1,780,1,,,,,,,,,,,,,,
Kelp5,Ecklonia,Dark,Ambient,20061291,2.5,1,777,1,,,,,,,,,,,,,,
Kelp6,Ecklonia,Dark,Ambient,20043395,2.5,1,807,1,,,,,,,,,,,,,,
Kelp7,Ecklonia,Dark,Warm,20011552,2.5,1,701,1,,,,,,,,,,,,,,
Kelp8,Ecklonia,Dark,Warm,20061302,2.5,1,785,1,,,,,,,,,,,,,,
Kelp1,Ecklonia,ALAN,Warm,10237444,5,1,778,1,,,,,,,,,,,,,,
Kelp2,Ecklonia,ALAN,Ambient,20061305,5,1,810,2,,,,,,,,,,,,,,
Kelp3,Ecklonia,ALAN ,Warm,20061301,5,1,782,1,,,,,,,,,,,,,,
Kelp4,Ecklonia,ALAN,Ambient,20061292,5,1,767,1,,,,,,,,,,,,,,
Kelp5,Ecklonia,Dark,Ambient,20061291,5,1,774,1,,,,,,,,,,,,,,
Kelp6,Ecklonia,Dark,Ambient,20043395,5,1,799,1,,,,,,,,,,,,,,
Kelp7,Ecklonia,Dark,Warm,20011552,5,1,762,1,,,,,,,,,,,,,,
Kelp8,Ecklonia,Dark,Warm,20061302,5,1,768,1,,,,,,,,,,,,,,
Kelp1,Ecklonia,ALAN,Warm,10237444,5,2,797,1,,,,,,,,,,,,,,
Kelp2,Ecklonia,ALAN,Ambient,20061305,5,2,783,1,,,,,,,,,,,,,,
Kelp3,Ecklonia,ALAN ,Warm,20061301,5,2,828,1,,,,,,,,,,,,,,
Kelp4,Ecklonia,ALAN,Ambient,20061292,5,2,811,1,,,,,,,,,,,,,,
Kelp5,Ecklonia,Dark,Ambient,20061291,5,2,827,1,,,,,,,,,,,,,,
Kelp6,Ecklonia,Dark,Ambient,20043395,5,2,788,1,,,,,,,,,,,,,,
Kelp7,Ecklonia,Dark,Warm,20011552,5,2,800,1,,,,,,,,,,,,,,
Kelp8,Ecklonia,Dark,Warm,20061302,5,2,795,1,,,,,,,,,,,,,,
Kelp1,Ecklonia,ALAN,Warm,10237444,7,2,724,1,,,,,,,,,,,,,,
Kelp2,Ecklonia,ALAN,Ambient,20061305,7,2,681,1,,,,,,,,,,,,,,
Kelp3,Ecklonia,ALAN ,Warm,20061301,7,2,787,1,,,,,,,,,,,,,,
Kelp4,Ecklonia,ALAN,Ambient,20061292,7,2,727,1,,,,,,,,,,,,,,
Kelp5,Ecklonia,Dark,Ambient,20061291,7,2,782,1,,,,,,,,,,,,,,
Kelp6,Ecklonia,Dark,Ambient,20043395,7,2,722,1,,,,,,,,,,,,,,
Kelp7,Ecklonia,Dark,Warm,20011552,7,2,754,1,,,,,,,,,,,,,,
Kelp8,Ecklonia,Dark,Warm,20061302,7,2,740,1,,,,,,,,,,,,,,
Kelp1,Ecklonia,ALAN,Warm,10237444,7,3,742,1,,,,,,,,,,,,,,
Kelp2,Ecklonia,ALAN,Ambient,20061305,7,3,714,1,,,,,,,,,,,,,,
Kelp3,Ecklonia,ALAN ,Warm,20061301,7,3,708,1,,,,,,,,,,,,,,
Kelp4,Ecklonia,ALAN,Ambient,20061292,7,3,744,1,,,,,,,,,,,,,,
Kelp5,Ecklonia,Dark,Ambient,20061291,7,3,736,1,,,,,,,,,,,,,,
Kelp6,Ecklonia,Dark,Ambient,20043395,7,3,708,1,,,,,,,,,,,,,,
Kelp7,Ecklonia,Dark,Warm,20011552,7,3,699,1,,,,,,,,,,,,,,
Kelp8,Ecklonia,Dark,Warm,20061302,7,3,766,1,,,,,,,,,,,,,,
Kelp1,Ecklonia,ALAN,Warm,10237444,9,3,802,1,,,,,,,,,,,,,,
Kelp2,Ecklonia,ALAN,Ambient,20061305,9,3,723,1,,,,,,,,,,,,,,
Kelp3,Ecklonia,ALAN ,Warm,20061301,9,3,683,1,,,,,,,,,,,,,,
Kelp4,Ecklonia,ALAN,Ambient,20061292,9,3,793,1,,,,,,,,,,,,,,
Kelp5,Ecklonia,Dark,Ambient,20061291,9,3,732,1,,,,,,,,,,,,,,
Kelp6,Ecklonia,Dark,Ambient,20043395,9,3,755,1,,,,,,,,,,,,,,
Kelp7,Ecklonia,Dark,Warm,20011552,9,3,732,1,,,,,,,,,,,,,,
Kelp8,Ecklonia,Dark,Warm,20061302,9,3,772,1,,,,,,,,,,,,,,