﻿Tank,Species,Light,Temp,Kelp,Hobo Logger Serial,Date of Day 1,Day 1 Camera,Time Filming started Day 1,Time Filming Ended ,Date of Day 2,Day 2 Camera,Time Filming Started Day 2,Time stopped Day 2,Kelp Initial (g),Time Fed,Time kelp removed,Kelp Final (g),Kelp Consumed Day 1 Week 1,Kelp Initial,Time Fed,Kelp Final,Kelp Consumed Day 2 Week 1,Date of Day 3,Day 3 CAMERA,Date of Filming Day 3,Time Filming started,Time Filming Stopped,Day 4 Filming 22/6/22,Time Started,Time stopped,Kelp Initial (g),Time Fed,Time kelp removed,Kelp Final (g),Kelp Consumed Day 1 Week 2,Kelp Initial,Time Fed,Kelp Final,Kelp Consumed Day 2 Week 2,,Date of Day 1,Day 1 Camera,Date of Filming Day 3,Time Filming started,Time Filming Stopped,Day 2 Camera,Time Started,Time stopped,Kelp Initial (g),Time Fed,Time kelp removed,Kelp Final (g),Kelp Consumed Day 1 Week 5,,Kelp Initial,Time Fed,Kelp Final,Time kelp removed,Kelp Consumed Day 2 Week 5,,Date of Day 1,Day 1 Camera,Date of Filming Day 3,Time Filming started,Time Filming Stopped,Day 2 Camera,Time Started,Time stopped,Kelp Initial (g),Time Fed,Time kelp removed,Kelp Final (g),Kelp Consumed Day 1 Week 7,,Kelp Initial,Time Fed,Kelp Final,Time kelp removed,Kelp Consumed Day 2 Week 7,Date of Day 1,Day 1 Camera,Date of Filming Day 3,Time Filming started,Time Filming Stopped,Day 2 Camera,Time Started,Time stopped,Kelp Initial (g),Time Fed,Time kelp removed,Kelp Final (g),Kelp Consumed Day 1 Week 9,,Kelp Initial,Time Fed,Kelp Final,Time kelp removed,Kelp Consumed Day 2 Week 9,Date Dissected,Total Weight,Test Diameter (mm),Gonad Weight,Gonad Index (%)
A1,Centro,ALAN,Warm,Normal,2006895,20/6/22,GoPro2,4.30pm,4.30pm,23/6/22,GoPro2,5:00 pm,3.50pm,7.6,13.03,13.03,7.6,0,6.3,11.08,6.3,0,27/6/22,GoProA3,Monday 27th June,11.45am,,GoProA3,,,10.4,12.11,12.4,8,2.4,10.4,1.56,7.6,2.8,,Monday 18th July,GoProA3,Monday 18th July,12.55,,GoProA3,,10.30am,10.6,11.58,12.02,8.1,2.5,,12.1,1,2.7,1:02,9.4,,44774,GoProA3,,0.5,0.5,GoProA3,0.5,0.5,12.6,9.45,10,6.5,6.1,,13,10.57,5.7,11.15,7.3,15/8/22,GoProA3,,11.30am,11.30am,GoProA3,11.30am,11.30am,9.6,11.31,11.35,7.9,1.7,,12.1,12.3,10.9,12.55,1.2,22/8/22,345.8,85.44,15.8,4.569115095
A2,Centro,ALAN,Ambient,Normal,20065890,20/6/22,GoPro2,4.30pm,4.30pm,23/6/22,GoPro2,5:00 pm,3.50pm,6.9,13.04,13.04,6.6,0.3,7.1,11.09,2.4,4.7,27/6/22,GoProA3,Monday 27th June,11.45am,,GoProA3,,,9.5,12.12,12.41,9.3,0.2,11.5,1.54,10.1,1.4,,Monday 18th July,GoProA3,Monday 18th July,12.55,,GoProA3,,10.30am,10.1,12,12.04,9,1.1,,11.2,1.02,9.3,1:03,1.9,,44774,GoProA3,,0.5,0.5,GoProA3,0.5,0.5,12.2,9.49,10.05,7.8,4.4,,14.1,11,11.8,11.17,2.3,15/8/22,GoProA3,,11.30am,11.30am,GoProA3,11.30am,11.30am,10.5,11.35,11.37,10.5,0,,10.2,12.31,6.2,12.56,4,22/8/22,385.1,83.04,19.3,5.011685277
A3,Centro,ALAN,Warm,Treated,,20/6/22,GoPro4,4.30pm,4.30pm,23/6/22,GoPro4,5:00 pm,3.50pm,8.5,13.29,13.29,8.3,0.2,6.4,11.3,6.4,0,27/6/22,OSMO F,Monday 27th June,11.45am,,OSMO F,,,13.2,12.32,1.07,12.8,0.4,10.7,2.49,8.8,1.9,,Monday 18th July,OSMO F,Monday 18th July,12.55,,OSMO F,,10.30am,9.8,12.32,12.37,8.6,1.2,,15,1.45,12.3,1:29,2.7,,44774,OSMO F,,0.5,0.5,OSMO F,0.5,0.5,12.9,10.43,10.39,11.9,1,,10,11.39,8,11.49,2,15/8/22,OSMO F,,11.30am,11.30am,OSMO F,11.30am,11.30am,9.7,12.12,12.18,6.2,3.5,,12.3,1.04,11.6,1.22,0.7,,111.3,55.36,4.6,4.132973944
A4,Centro,ALAN,Ambient,Normal,20061299,20/6/22,GoPro4,4.30pm,4.30pm,23/6/22,GoPro4,5:00 pm,3.50pm,6.9,13.05,13.05,4.2,2.7,7.1,11.1,1.5,5.6,27/6/22,OSMO F,Monday 27th June,11.45am,,OSMO F,,,9,12.13,12.42,8.3,0.7,11.1,1.53,7.9,3.2,,Monday 18th July,OSMO F,Monday 18th July,12.55,,OSMO F,,10.30am,10.1,12.01,12.07,5.7,4.4,,11.5,1.04,11.3,1.05,0.2,,44774,OSMO F,,0.5,0.5,OSMO F,0.5,0.5,12.2,9.51,10.06,9,3.2,,12.1,11.02,12.1,11.2,0,15/8/22,OSMO F,,11.30am,11.30am,OSMO F,11.30am,11.30am,11.5,11.36,11.39,9.9,1.6,,11.8,12.33,8.9,12.57,2.9,,257.8,78.3,16.8,6.516679597
B1,Centro,Dark,Warm,Treated,20056143,20/6/22,Bodycam1,4.30pm,4.30pm,23/6/22,Bodycam9,5:00 pm,3.50pm,6.6,13.3,13.3,6.6,0,6.5,11.33,6.5,0,27/6/22,Bodycam10/OSMO J both recorded whole time,Monday 27th June,11.45am,,Bodycam10/OSMO J,,,10.9,12.46,1.08,7.3,3.6,10.3,2.56,10.2,0.1,,Monday 18th July,Bodycam10/OSMO J both recorded whole time,Monday 18th July,12.55,,Bodycam10/OSMO J,,10.30am,11.3,12.34,12.42,11.3,0,,10.7,1.55,7.3,1:32,3.4,,44774,Bodycam10/OSMO J both recorded whole time,,0.5,0.5,Bodycam10/OSMO J,0.5,0.5,11.4,10.5,10.44,8.4,3,,10.3,11.48,9.9,11.21,0.4,15/8/22,Bodycam10/OSMO J both recorded whole time,,11.30am,11.30am,Bodycam10/OSMO J,11.30am,11.30am,11.4,12.23,12.24,8.9,2.5,,4.4,1.13,1.4,1.23,3,,142.7,62.79,3.1,2.172389629
B2,Centro,Dark,Warm,Normal,,20/6/22,Bodycam1,4.30pm,4.30pm,23/6/22,Bodycam9,5:00 pm,3.50pm,6.3,13.06,13.06,0,6.3,6.9,11.11,5.9,1,27/6/22,Bodycam10/OSMO J both recorded whole time,Monday 27th June,11.45am,,Bodycam10/OSMO J,,,12.2,12.14,12.43,10.4,1.8,10.2,1.51,8,2.2,,Monday 18th July,Bodycam10/OSMO J both recorded whole time,Monday 18th July,12.55,,Bodycam10/OSMO J,,10.30am,13.9,12.02,12.09,13.9,0,,13.3,1.07,6.7,1:06,6.6,,44774,Bodycam10/OSMO J both recorded whole time,,0.5,0.5,Bodycam10/OSMO J,0.5,0.5,12,9.54,10.09,7.2,4.8,,12.4,11.04,8.4,11.33,4,15/8/22,Bodycam10/OSMO J both recorded whole time,,11.30am,11.30am,Bodycam10/OSMO J,11.30am,11.30am,12,11.38,11.42,7.9,4.1,,11.5,12.37,10.6,12.59,0.9,,395.2,85.75,24.9,6.300607287
B3,Centro,Dark,Ambient,Normal,20043397,20/6/22,Bodycam2,4.30pm,4.30pm,23/6/22,Bodycam10,5:00 pm,3.50pm,6.4,13.06,13.06,6.4,0,6.6,11.13,1.3,5.3,27/6/22,Bodycam 3/OSMO K (BOTH FAILED),Monday 27th June,11.45am,,Bodycam 3/OSMO K ,,,15.4,12.15,12.44,15.4,0,10.7,1.49,10.7,0,,Monday 18th July,Bodycam 3/OSMO K (BOTH FAILED),Monday 18th July,12.55,,Bodycam 3/OSMO K ,,10.30am,10.2,12.04,12.09,10.2,0,,13.7,1.09,13.2,1:07,0.5,,44774,Bodycam 3/OSMO K (BOTH FAILED),,0.5,0.5,Bodycam 3/OSMO K ,0.5,0.5,12.7,9.56,10.11,12.7,0,,12.3,11.08,11.2,11.23,1.1,15/8/22,Bodycam 3/OSMO K (BOTH FAILED),,11.30am,11.30am,Bodycam 3/OSMO K ,11.30am,11.30am,15.3,11.4,11.43,11.1,4.2,,12,12.39,12,1.02,0,,356.1,81.56,6.5,1.825329963
B4,Centro,Dark,Ambient,Normal,10505456,20/6/22,Bodycam2,4.30pm,4.30pm,23/6/22,Bodycam10,5:00 pm,3.50pm,8.8,13.07,13.07,8.8,0,7.2,11.14,7.2,0,27/6/22,Bodycam 3/OSMO K (BOTH FAILED),Monday 27th June,11.45am,,Bodycam 3/OSMO K ,,,11.11,12.16,12.45,9.2,1.91,9.3,1.46,6.2,3.1,,Monday 18th July,Bodycam 3/OSMO K (BOTH FAILED),Monday 18th July,12.55,,Bodycam 3/OSMO K ,,10.30am,10.5,12.05,12.14,8.9,1.6,,9.4,1.11,9.1,1:09,0.3,,44774,Bodycam 3/OSMO K (BOTH FAILED),,0.5,0.5,Bodycam 3/OSMO K ,0.5,0.5,13,9.58,10.15,11.1,1.9,,11.6,11.06,9.7,11.25,1.9,15/8/22,Bodycam 3/OSMO K (BOTH FAILED),,11.30am,11.30am,Bodycam 3/OSMO K ,11.30am,11.30am,9.8,11.42,11.45,8.7,1.1,,11.8,12.41,10.9,1.03,0.9,,184.1,68.65,1.7,0.92341119
C1,Centro,Dark,Ambient,Normal,20061298,20/6/22,Bodycam3,4.30pm,4.30pm,23/6/22,Bodycam1,5:00 pm,3.50pm,8.2,13.08,13.08,8.2,0,6.1,11.15,4.3,1.8,27/6/22,Bodycam5 (recorded to 1.52am) /OSMO A,Monday 27th June,11.45am,,Bodycam5  /OSMO A,,,10.4,12.17,12.46,9.5,0.9,9.9,1.45,8.1,1.8,,Monday 18th July,Bodycam5/OSMO E,Monday 18th July,12.55,,Bodycam5/OSMO E,,10.30am,10.4,12.07,12.15,6.1,4.3,,12,1.13,10.8,1.11,1.2,,44774,Bodycam5/OSMO E,,0.5,0.5,Bodycam5/OSMO E,0.5,0.5,10.9,10,10.16,8,2.9,,13,11.1,12.9,11.27,0.1,15/8/22,Bodycam5/OSMO E,,11.30am,11.30am,Bodycam5/OSMO E,11.30am,11.30am,13.6,11.44,11.47,12.6,1,,11.1,12.43,7.7,1.05,3.4,,268.7,76.55,6.6,2.456270934
C2,Centro,Dark,Ambient,Normal,,20/6/22,Bodycam3,4.30pm,4.30pm,23/6/22,Bodycam1,5:00 pm,3.50pm,7.2,13.08,13.08,5.1,2.1,6.2,11.16,2.7,3.5,27/6/22,Bodycam5 ((recorded to 1.52am) /OSMO A,Monday 27th June,11.45am,,Bodycam5  /OSMO A,,,11.4,12.19,12.47,9.4,2,10.6,1.43,7.6,3,,Monday 18th July,Bodycam5/OSMO E,Monday 18th July,12.55,,Bodycam5/OSMO E,,10.30am,15.4,12.07,12.17,14.4,1,,12.7,1.15,8.8,1:13,3.9,,44774,Bodycam5/OSMO E,,0.5,0.5,Bodycam5/OSMO E,0.5,0.5,9.8,10,10.17,9.8,0,,10,11.12,5,11.3,5,15/8/22,Bodycam5/OSMO E,,11.30am,11.30am,Bodycam5/OSMO E,11.30am,11.30am,14.4,11.46,11.5,13.8,0.6,,13.5,12.45,11.7,1.07,1.8,,224.3,73.68,17.9,7.980383415
C3,Centro,Dark,Warm,Treated,9803965,20/6/22,Bodycam4,4.30pm,4.30pm,23/6/22,Bodycam2,5:00 pm,3.50pm,6.2,13.31,13.31,0.8,5.4,7.5,11.35,3.7,3.8,27/6/22,Bodycam9/OSMO E (failed). Bodycam 9 failed at 6.49pm,Monday 27th June,11.45am,,Bodycam9/OSMO E ,,,9.8,12.46,1.09,8.7,1.1,11,2.58,7.7,3.3,,Monday 18th July,Bodycam9/OSMO A,Monday 18th July,12.55,,Bodycam9/OSMO A,,10.30am,9.8,12.35,12.43,1.5,8.3,,12.5,1.57,10.7,1:33,1.8,,44774,Bodycam9/OSMO A,,0.5,0.5,Bodycam9/OSMO A,0.5,0.5,11.9,10.53,10.46,5.8,6.1,,12,11.51,12,11.51,0,15/8/22,Bodycam9/OSMO A,,11.30am,11.30am,Bodycam9/OSMO A,11.30am,11.30am,8.4,12.23,12.25,2.2,6.2,,11.2,1.15,4.7,1.26,6.5,,469.7,93.51,6.4,1.362571854
C4,Centro,Dark,Warm,Normal,,20/6/22,Bodycam4,4.30pm,4.30pm,23/6/22,Bodycam2,5:00 pm,3.50pm,7,13.09,13.09,7,0,7.8,11.17,5.3,2.5,27/6/22,Bodycam9/OSMO E (failed). Bodycam 9 failed at 6.49pm,Monday 27th June,11.45am,,Bodycam9/OSMO E ,,,10.5,12.21,12.48,8.5,2,11.2,1.42,9.5,1.7,,Monday 18th July,Bodycam9/OSMO A,Monday 18th July,12.55,,Bodycam9/OSMO A,,10.30am,9.5,12.09,12.2,7.8,1.7,,10.7,1.17,6.8,1:19,3.9,,44774,Bodycam9/OSMO A,,0.5,0.5,Bodycam9/OSMO A,0.5,0.5,10.1,10.02,10.19,7.5,2.6,,10.5,11.15,8.2,11.31,2.3,15/8/22,Bodycam9/OSMO A,,11.30am,11.30am,Bodycam9/OSMO A,11.30am,11.30am,11.3,11.47,11.52,6.8,4.5,,10.3,12.46,6.5,1.1,3.8,,251.8,72.44,8.4,3.335980937
D1,Centro,ALAN,Ambient,Treated,20043398,20/6/22,GoPro8,4.30pm,4.30pm,23/6/22,OSMOA,5:00 pm,3.50pm,5.9,13.33,13.33,1.8,4.1,7.1,11.39,1.6,5.5,27/6/22,GoPro A5,Monday 27th June,11.45am,,GoPro A5,,,9.8,12.37,1.1,8,1.8,13.4,2.53,11.9,1.5,,Monday 18th July,GoPro A5,Monday 18th July,12.55,,GoPro A5,,10.30am,10.6,12.39,12.46,10.6,0,,10.2,2.03,6,1:36,4.2,,44774,GoPro A5,,0.5,0.5,GoPro A5,0.5,0.5,12.8,10.58,10.49,9.5,3.3,,10.5,11.57,8.1,11.52,2.4,15/8/22,GoPro A5,,11.30am,11.30am,GoPro A5,11.30am,11.30am,15.4,12.27,12.28,12.5,2.9,,10.7,1.18,9.5,1.28,1.2,,318,83.1,13.9,4.371069182
D2,Centro,ALAN,Warm,Treated,9837385,20/6/22,GoPro8,4.30pm,4.30pm,23/6/22,OSMOA,5:00 pm,3.50pm,6.7,13.34,13.34,6.7,0,7.4,11.41,1.7,5.7,27/6/22,GoPro A5,Monday 27th June,11.45am,,GoPro A5,,,12.8,12.33,1.11,12.7,0.1,8.2,2.49,7,1.2,,Monday 18th July,GoPro A5,Monday 18th July,12.55,,GoPro A5,,10.30am,10.6,12.35,12.48,9.2,1.4,,9.8,1.49,2.7,1:30,7.1,,44774,GoPro A5,,0.5,0.5,GoPro A5,0.5,0.5,10.9,10.44,10.41,8.1,2.8,,9.7,11.42,6.3,11.55,3.4,15/8/22,GoPro A5,,11.30am,11.30am,GoPro A5,11.30am,11.30am,13.2,12.14,12.18,5.1,8.1,,12.7,1.06,5.9,1.24,6.8,,308.6,77.45,18.2,5.897602074
D3,Centro,ALAN,Warm,Normal,20065893,20/6/22,GoPro7,4.30pm,4.30pm,23/6/22,GoPro7,5:00 pm,3.50pm,7.6,13.1,13.1,5.9,1.7,6.5,11.2,3,3.5,27/6/22,GoPro A4,Monday 27th June,11.45am,,GoPro A4,,,14.7,12.21,12.49,14.7,0,11.8,1.4,9.6,2.2,,Monday 18th July,GoPro A4,Monday 18th July,12.55,,GoPro A4,,10.30am,11,12.09,12.21,9.5,1.5,,12.1,1.19,9.9,1:14,2.2,,44774,GoPro A4,,0.5,0.5,GoPro A4,0.5,0.5,12.1,10.04,10.22,10.5,1.6,,13.2,11.18,10.5,11.32,2.7,15/8/22,GoPro A4,,11.30am,11.30am,GoPro A4,11.30am,11.30am,9.3,11.49,11.55,5.7,3.6,,9.4,12.47,7.9,1.09,1.5,,127.9,57.64,4.4,3.440187647
D4,Centro,ALAN,Ambient,Normal,,20/6/22,GoPro7,4.30pm,4.30pm,23/6/22,GoPro7,5:00 pm,3.50pm,7.4,13.11,13.11,3.8,3.6,7,11.2,2.8,4.2,27/6/22,GoPro A4,Monday 27th June,11.45am,,GoPro A4,,,10.7,12.22,12.5,10.7,0,10.6,1.38,9.7,0.9,,Monday 18th July,GoPro A4,Monday 18th July,12.55,,GoPro A4,,10.30am,10.4,12.11,12.23,10.4,0,,9.9,1.21,8.6,1:18,1.3,,44774,GoPro A4,,0.5,0.5,GoPro A4,0.5,0.5,12.8,10.21,10.24,11.3,1.5,,9.8,11.2,4.4,11.36,5.4,15/8/22,GoPro A4,,11.30am,11.30am,GoPro A4,11.30am,11.30am,14,11.52,11.57,9.6,4.4,,9.5,12.5,9.5,1.12,0,,229.9,74.68,18,7.829491083
E1,Centro,Dark,Warm,Normal,20056157,20/6/22,Bodycam5,4.30pm,4.30pm,23/6/22,Bodycam4 * OSMO E was connected to a power board that failed but bodycam kept recording,5:00 pm,3.50pm,6.3,13.12,13.12,6.3,0,7.4,11.22,4.5,2.9,27/6/22,Bodycam1/OSMO T (both failed),Monday 27th June,11.45am,,Bodycam1/OSMO T ,,,10.5,12.23,12.52,10.5,0,11.4,1.36,10.3,1.1,,Monday 18th July,Bodycam2/OSMO T (both failed),Monday 18th July,12.55,,Bodycam2/OSMO T ,,10.30am,10.1,12.12,12.25,8.8,1.3,,12.6,1.23,10.8,1:21,1.8,,44774,Bodycam2/OSMO T (both failed),,0.5,0.5,Bodycam2/OSMO T ,0.5,0.5,15.3,10.23,10.23,12.2,3.1,,11.9,11.23,11.6,11.37,0.3,15/8/22,Bodycam2/OSMO T (both failed),,11.30am,11.30am,Bodycam2/OSMO T ,11.30am,11.30am,14.4,11.54,11.59,10.2,4.2,,9.4,12.53,8.8,1.14,0.6,,266.7,73.14,14.2,5.324334458
E2,Centro,Dark,Ambient,Treated,20065902,20/6/22,Bodycam5,4.30pm,4.30pm,23/6/22,Bodycam4 * OSMO E was connected to a power board that failed but bodycam kept recording,5:00 pm,3.50pm,7.3,13.36,13.36,5.5,1.8,6.8,11.45,3.1,3.7,27/6/22,Bodycam1/OSMO T (both failed),Monday 27th June,11.45am,,Bodycam1/OSMO T ,,,10,12.41,1.12,9.1,0.9,11.8,3.03,9.2,2.6,,Monday 18th July,Bodycam2/OSMO T (both failed),Monday 18th July,12.55,,Bodycam2/OSMO T ,,10.30am,11.1,12.3,12.5,10.2,0.9,,13.1,2.06,12.3,1:37,0.8,,44774,Bodycam2/OSMO T (both failed),,0.5,0.5,Bodycam2/OSMO T ,0.5,0.5,14.2,11.01,10.51,10.9,3.3,,9.6,11.59,3.8,11.56,5.8,15/8/22,Bodycam2/OSMO T (both failed),,11.30am,11.30am,Bodycam2/OSMO T ,11.30am,11.30am,11,12.3,12.29,9.4,1.6,,14.9,1.21,12.8,1.29,2.1,,354.6,84.85,24.5,6.909193457
E3,Centro,Dark,Ambient,Normal,10620182,20/6/22,Bodycam6,4.30pm,4.30pm,23/6/22,Bodycam6,5:00 pm,3.50pm,6.3,13.13,13.13,0,6.3,6.7,11.22,2.7,4,27/6/22,Bodycam2/OSMO D (recorded to 1.56am),Monday 27th June,11.45am,,Bodycam6/OSMO D,,,10.7,12.25,12.55,10.7,0,9.8,1.35,9.3,0.5,,Monday 18th July,Bodycam6/OSMO D (recorded to 1.56am),Monday 18th July,12.55,,Bodycam6/OSMO D,,10.30am,11.2,12.14,12.26,9.1,2.1,,13,1.28,10.7,1:23,2.3,,44774,Bodycam6/OSMO D (recorded to 1.56am),,0.5,0.5,Bodycam6/OSMO D,0.5,0.5,12.3,10.27,10.28,11.3,1,,11.5,11.25,7.4,11.39,4.1,15/8/22,Bodycam6/OSMO D (recorded to 1.56am),,11.30am,11.30am,Bodycam6/OSMO D,11.30am,11.30am,11.7,11.55,12.01,11.1,0.6,,13.5,12.55,12.5,1.15,1,,281.1,78.01,19,6.759160441
E4,Centro,Dark,Warm,Treated,,20/6/22,Bodycam6,4.30pm,4.30pm,23/6/22,Bodycam6,5:00 pm,3.50pm,7,13.37,13.37,2.5,4.5,6.2,11.46,4.1,2.1,27/6/22,Bodycam2/OSMO D  (recorded to 1.56am),Monday 27th June,11.45am,,Bodycam6/OSMO D,,,11.5,12.47,1.13,9.2,2.3,11,2.59,10.1,0.9,,Monday 18th July,Bodycam6/OSMO D  (recorded to 1.56am),Monday 18th July,12.55,,Bodycam6/OSMO D,,10.30am,10.7,12.36,12.5,7.6,3.1,,13.5,2,12,1:35,1.5,,44774,Bodycam6/OSMO D  (recorded to 1.56am),,0.5,0.5,Bodycam6/OSMO D,0.5,0.5,10.6,10.54,10.47,5.9,4.7,,12.4,11.54,7.2,11.59,5.2,15/8/22,Bodycam6/OSMO D  (recorded to 1.56am),,11.30am,11.30am,Bodycam6/OSMO D,11.30am,11.30am,7.6,12.24,12.26,7.2,0.4,,5.1,1.14,0.1,1.3,5,,400.4,90.04,2.4,0.599400599
F1,Centro,ALAN,Ambient,Normal,10198060,20/6/22,Bodycam9,4.30pm,4.30pm,23/6/22,OSMO,5:00 pm,3.50pm,6.4,13.14,13.14,4.5,1.9,7.7,11.24,1.9,5.8,27/6/22,OSMO R (failed),Monday 27th June,11.45am,,OSMO R ,,,12.8,12.25,1,11.6,1.2,10.9,1.34,9.5,1.4,,Monday 18th July,OSMO R (failed),Monday 18th July,12.55,,OSMO R ,,10.30am,12.4,12.16,12.28,9,3.4,,12.8,1.3,10.1,1:24,2.7,,44774,OSMO R (failed),,0.5,0.5,OSMO R ,0.5,0.5,10.9,10.28,10.3,8.9,2,,12.1,11.28,8.6,11.41,3.5,15/8/22,OSMO R (failed),,11.30am,11.30am,OSMO R ,11.30am,11.30am,12.1,11.57,12.02,9.9,2.2,,13.2,12.55,10.7,1.17,2.5,,254.9,76.31,21.1,8.277755983
F2,Centro,ALAN,Warm,Treated,20061307,20/6/22,Bodycam9,4.30pm,4.30pm,23/6/22,OSMO,5:00 pm,3.50pm,8.7,13.38,13.38,4,4.7,7.9,11.49,0,7.9,27/6/22,OSMO R (failed),Monday 27th June,11.45am,,OSMO R ,,,10,12.34,1.14,3.9,6.1,11.3,2.51,8.9,2.4,,Monday 18th July,OSMO R (failed),Monday 18th July,12.55,,OSMO R ,,10.30am,10.1,12.44,12.51,1,9.1,,12.2,1.51,8.8,1:31,3.4,,44774,OSMO R (failed),,0.5,0.5,OSMO R ,0.5,0.5,14.9,10.46,10.43,12.5,2.4,,11.5,11.45,6.2,12.02,5.3,15/8/22,OSMO R (failed),,11.30am,11.30am,OSMO R ,11.30am,11.30am,9.3,12.17,12.21,4.5,4.8,,13.2,1.08,11.8,1.31,1.4,,425.5,91.37,28.2,6.627497062
F3,Centro,ALAN,Ambient,Normal,20046835,20/6/22,BodyCam7,4.30pm,4.30pm,23/6/22,OSMO,5:00 pm,3.50pm,8.1,13.14,13.14,8.1,0,7.3,11.25,5.2,2.1,27/6/22,OSMO M,Monday 27th June,11.45am,,OSMO M,,,10.1,12.26,1.01,5.9,4.2,12.3,1.31,12.2,0.1,,Monday 18th July,OSMO M,Monday 18th July,12.55,,OSMO M,,10.30am,13.2,12.17,12.3,11.9,1.3,,13.2,1.33,7.5,1:25,5.7,,44774,OSMO M,,0.5,0.5,OSMO M,0.5,0.5,11.2,10.29,10.32,10.2,1,,11.5,11.31,9.5,11.43,2,15/8/22,OSMO M,,11.30am,11.30am,OSMO M,11.30am,11.30am,12.5,11.59,12.03,10.8,1.7,,11.2,12.57,11.1,1.18,0.1,,221.1,72.37,16.8,7.598371777
F4,Centro,ALAN,Warm,Normal,,20/6/22,Bodycam7,4.30pm,4.30pm,23/6/22,OSMO,5:00 pm,3.50pm,6.5,13.15,13.15,4.1,2.4,6.9,11.27,0,6.9,27/6/22,OSMO M,Monday 27th June,11.45am,,OSMO M,,,10.3,12.27,1.02,5.5,4.8,10.9,1.3,8.9,2,,Monday 18th July,OSMO M,Monday 18th July,12.55,,OSMO M,,10.30am,10.6,12.19,12.3,5.8,4.8,,10.1,1.35,0.3,1:27,9.8,,44774,OSMO M,,0.5,0.5,OSMO M,0.5,0.5,11.5,10.35,10.34,1.6,9.9,,10.3,11.33,3.7,11.44,6.6,15/8/22,OSMO M,,11.30am,11.30am,OSMO M,11.30am,11.30am,10.6,12.02,12.09,7,3.6,,12.4,12.59,7.2,1.2,5.2,,456.4,94.54,26.1,5.718667835
G1,Centro,Dark,Warm,Normal,20061294,21/6/22,Bodycam3,6:00 pm,6:00 pm,24/6/22,Bodycam3/OSMO M,5.30pm,1:00 pm,6.5,6.43,3:22,6.3,0.2,10.2,11.44,9.7,0.5,27/6/22,Bodycam6/GoPro8/GoProA2,Wednesday 29th June 12/30,12.50pm,,Bodycam6/GoPro8,,,8.5,9.51,10.56,6.4,2.1,9.7,2.23,9.7,0,,Wednesday 20th July,Bodycam6/GoPro8,Wednesday 20th July,12.35pm,,Bodycam6/GoPro8,,11.30am,10.2,9.27,10.05,8.8,1.4,,11.9,11.26,11.8,11.24,0.1,,44776,Bodycam6/GoPro8,,1.20pm,,Bodycam6/GoPro8,,,14.1,10.26,10.26,11.9,2.2,,9.1,11.33,8.4,11.41,0.7,17/8/22,Bodycam6/GoPro8,,12.49pm,12.49pm,Bodycam6/GoPro8,12.49pm,12.49pm,12.7,11.22,11.2,11.1,1.6,,11.9,12.36,11.7,12.48,0.2,,193.1,68.15,10.5,5.4375971
G2,Centro,Dark,Ambient,Treated,,21/6/22,Bodycam3,6:00 pm,6:00 pm,24/6/22,Bodycam3/OSMO M,5.30pm,1:00 pm,7.4,7.2,3:22,7.4,0,10.3,12.43,5.2,5.1,27/6/22,Bodycam6/GoPro8/GoProA2,Wednesday 29th June 12/30,12.50pm,,Bodycam6/GOPro8,,,8.2,10.22,11.3,8.1,0.1,14,1.43,13.8,0.2,,Wednesday 20th July,Bodycam6/GOPro8,Wednesday 20th July,12.35pm,,Bodycam6/GOPro8,,11.30am,10.4,10.11,11.08,10.3,0.1,,10.1,12.33,10.1,12.19,0,,44776,Bodycam6/GOPro8,,1.20pm,,Bodycam6/GOPro8,,,13.1,11.04,11.14,10.9,2.2,,13.9,12.27,9.6,12.32,4.3,17/8/22,Bodycam6/GOPro8,,12.49pm,12.49pm,Bodycam6/GOPro8,12.49pm,12.49pm,9.4,12.32,12.15,8.1,1.3,,10.9,1.28,11,1.38,-0.1,,311.3,84.85,4.9,1.57404433
G3,Centro,Dark,Warm,Normal,20061300,21/6/22,Bodycam4,6:00 pm,6:00 pm,24/6/22,Bodycam4/OSMOD,5.30pm,1:00 pm,7.8,6.44,3:28,7.8,0,10.3,11.46,10,0.3,29/6/22,Bodycam10/OSMOD,Wednesday 29th June 12/30,12.50pm,,Bodycam10/OSMOD,,,9.8,9.52,11.02,9.8,0,9.9,2.24,5.8,4.1,,Wednesday 20th July,Bodycam10/OSMOD,Wednesday 20th July,12.35pm,,Bodycam10/OSMOD,,11.30am,10.7,9.27,10.09,10.7,0,,11.3,11.28,8.1,11.28,3.2,,44776,Bodycam10/OSMOD,,1.20pm,,Bodycam10/OSMOD,,,10.8,10.28,10.28,10.5,0.3,,13.9,11.35,12,11.43,1.9,17/8/22,Bodycam10/OSMOD,,12.49pm,12.49pm,Bodycam10/OSMOD,12.49pm,12.49pm,11.8,11.24,11.23,11,0.8,,12,12.38,12,12,0,,305.8,79.62,28,9.156311315
G4,Centro,Dark,Ambient,Normal,20061306,21/6/22,Bodycam4,6:00 pm,6:00 pm,24/6/22,Bodycam4/OSMOD,5.30pm,1:00 pm,7.4,6.44,3:28,7.3,0.1,10.4,11.48,3.2,7.2,29/6/22,Bodycam10/OSMOD,Wednesday 29th June 12/30,12.50pm,,Bodycam10/OSMOD,,,9.3,9.53,11.03,4.4,4.9,12.2,2.26,11.2,1,,Wednesday 20th July,Bodycam10/OSMOD,Wednesday 20th July,12.35pm,,Bodycam10/OSMOD,,11.30am,9.8,9.29,10.11,8.4,1.4,,9.4,11.3,7.3,11.29,2.1,,44776,Bodycam10/OSMOD,,1.20pm,,Bodycam10/OSMOD,,,10.3,10.29,10.29,6.9,3.4,,10.3,11.38,6.6,11.45,3.7,17/8/22,Bodycam10/OSMOD,,12.49pm,12.49pm,Bodycam10/OSMOD,12.49pm,12.49pm,12.9,11.26,11.25,10.7,2.2,,11.9,12.4,7.4,12.52,4.5,,372.6,85.23,13.9,3.730542136
H1,Centro,Dark,Ambient,Normal,20284456,21/6/22,Bodycam5,6:00 pm,6:00 pm,24/6/22,Bodycam5/OSMO J,5.30pm,1:00 pm,10.3,6.45,3.36,9.2,1.1,9.8,11.51,7.8,2,29/6/22,Bodycam5/OSMO J,Wednesday 29th June 12/30,12.50pm,,Bodycam5/OSMO J,,,10.1,9.54,11.04,7.5,2.6,12.1,2.28,9.9,2.2,,Wednesday 20th July,Bodycam5/OSMO J,Wednesday 20th July,12.35pm,,Bodycam5/OSMO J,,11.30am,12.9,9.3,10.13,11.5,1.4,,10.7,11.33,10.4,11.3,0.3,,44776,Bodycam5/OSMO J,,1.20pm,,Bodycam5/OSMO J,,,11.6,10.32,10.31,11.1,0.5,,11.6,11.4,11.1,11.49,0.5,17/8/22,Bodycam5/OSMO J,,12.49pm,12.49pm,Bodycam5/OSMO J,12.49pm,12.49pm,12.6,11.28,11.27,12.5,0.1,,11.2,12.42,11.2,12.54,0,,321.9,80.56,25.7,7.983845915
H2,Centro,Dark,Ambient,Treated,20056145,21/6/22,Bodycam5,6:00 pm,6:00 pm,24/6/22,Bodycam5/OSMO J,5.30pm,1:00 pm,7.7,6.46,3.36,7.7,0,10.9,12.44,5.6,5.3,29/6/22,Bodycam5/OSMO J,Wednesday 29th June 12/30,12.50pm,,Bodycam5/OSMO J,,,10,10.24,11.05,6.3,3.7,12,1.44,12,0,,Wednesday 20th July,Bodycam5/OSMO J,Wednesday 20th July,12.35pm,,Bodycam5/OSMO J,,11.30am,10.6,10.14,11.1,9.5,1.1,,12.7,12.35,10,12.21,2.7,,44776,Bodycam5/OSMO J,,1.20pm,,Bodycam5/OSMO J,,,12.9,11.07,11.16,12.3,0.6,,14.7,12.29,9.8,12.33,4.9,17/8/22,Bodycam5/OSMO J,,12.49pm,12.49pm,Bodycam5/OSMO J,12.49pm,12.49pm,9.5,12.34,12.18,4.6,4.9,,10.9,1.3,4.9,1.4,6,,331.3,83,11,3.320253547
H3,Centro,Dark,Warm,Normal,20284457,21/6/22,Bodycam6,6:00 pm,6:00 pm,24/6/22,Bodycam6/OSMO T,5.30pm,1:00 pm,6.4,6.47,3.38,3.3,3.1,10,11.51,5.4,4.6,29/6/22,Bodycam3/OSMO T,Wednesday 29th June 12/30,12.50pm,,Bodycam3/OSMO T,,,8.7,9.55,11.06,1.4,7.3,13.5,2.31,12.6,0.9,,Wednesday 20th July,Bodycam3/OSMO T,Wednesday 20th July,12.35pm,,Bodycam3/OSMO T,,11.30am,9.8,9.3,10.15,5.6,4.2,,12.1,11.35,7,11.32,5.1,,44776,Bodycam3/OSMO T,,1.20pm,,Bodycam3/OSMO T,,,11.7,10.33,10.34,11.7,0,,13.8,11.43,11.5,11.51,2.3,17/8/22,Bodycam3/OSMO T,,12.49pm,12.49pm,Bodycam3/OSMO T,12.49pm,12.49pm,13,11.3,11.29,12.8,0.2,,10.5,12.45,10.5,12.56,0,,429.1,85.92,48.5,11.30272664
H4,Centro,Dark,Warm,Normal,,21/6/22,Bodycam6,6:00 pm,6:00 pm,24/6/22,Bodycam6/OSMO T,5.30pm,1:00 pm,6.4,7.23,3.4,4,2.4,10.9,11.55,5,5.9,29/6/22,Bodycam3/OSMO T,Wednesday 29th June 12/30,12.50pm,,Bodycam3/OSMO T,,,8,9.56,11.07,4.6,3.4,10.2,2.33,8,2.2,,Wednesday 20th July,Bodycam3/OSMO T,Wednesday 20th July,12.35pm,,Bodycam3/OSMO T,,11.30am,11.2,9.32,10.18,7.9,3.3,Ate some sandstone in its tank.,12.3,11.37,10.9,11.35,1.4,,44776,Bodycam3/OSMO T,,1.20pm,,Bodycam3/OSMO T,,,10.6,10.34,10.35,4.9,5.7,,13.6,11.45,11.5,11.53,2.1,17/8/22,Bodycam3/OSMO T,,12.49pm,12.49pm,Bodycam3/OSMO T,12.49pm,12.49pm,11.5,11.32,11.31,8.4,3.1,,10.3,12.47,3.7,12.59,6.6,,291.7,80.16,19.8,6.78779568
I1,Centro,ALAN,Warm,Normal,,21/6/22,GoProA2,6:00 pm,6:00 pm,24/6/22,GoProA2,5.30pm,1:00 pm,7.5,6.5,3.41,0,7.5,9.7,11.57,5.1,4.6,29/6/22,OSMO M,Wednesday 29th June 12/30,12.50pm,,OSMO M,,,10,9.58,11.08,7,3,9.2,2.34,7.4,1.8,,Wednesday 20th July,OSMO M,Wednesday 20th July,12.35pm,,OSMO M,,11.30am,10.2,9.33,10.21,3.5,6.7,,11.6,11.4,9,11.37,2.6,,44776,OSMO M,,1.20pm,,OSMO M,,,9.7,10.35,10.37,8.4,1.3,,10.4,11.48,8.2,11.54,2.2,17/8/22,OSMO M,,12.49pm,12.49pm,OSMO M,12.49pm,12.49pm,13.1,11.34,11.33,11.2,1.9,,10.8,12.48,8.7,1,2.1,,243.5,77.59,21.7,8.911704312
I2,Centro,ALAN,Warm,Normal,10126135,21/6/22,GoProA2,6:00 pm,6:00 pm,24/6/22,GoProA2,5.30pm,1:00 pm,5.1,7.3,3.41,5.1,0,10.4,12:00 pm,10.3,0.1,29/6/22,OSMO M,Wednesday 29th June 12/30,12.50pm,,OSMO M,,,9.9,9.58,11.09,6,3.9,9.5,2.36,9.5,0,,Wednesday 20th July,OSMO M,Wednesday 20th July,12.35pm,,OSMO M,,11.30am,12.3,9.34,10.22,5.9,6.4,,13.2,11.43,11.38,13.2,1.82,,44776,OSMO M,,1.20pm,,OSMO M,,,10,10.36,10.39,9.5,0.5,,9.2,12.31,3.4,11.56,5.8,17/8/22,OSMO M,,12.49pm,12.49pm,OSMO M,12.49pm,12.49pm,11.5,11.35,11.36,11.3,0.2,,11.1,12.5,0.1,1.03,11,,397.5,84.47,31.5,7.924528302
I3,Centro,ALAN,Ambient,Treated,20027925,21/6/22,GoPro8,6:00 pm,6:00 pm,24/6/22,GoPro8,5.30pm,1:00 pm,8.5,6.55,3.44,7.3,1.2,11.9,12.49,11.5,0.4,29/6/22,OSMO E,Wednesday 29th June 12/30,12.50pm,,OSMO E,,,11.6,10.17,11.1,10.5,1.1,12.4,1.52,12.4,0,,Wednesday 20th July,OSMO E,Wednesday 20th July,12.35pm,,OSMO E,,11.30am,9.4,10.15,11.13,9.4,0,,9.3,12.41,9.1,12.24,0.2,,44776,OSMO E,,1.20pm,,OSMO E,,,9.5,11.08,11.19,9.5,0,,13.1,12.44,8.8,12.39,4.3,17/8/22,OSMO E,,12.49pm,12.49pm,OSMO E,12.49pm,12.49pm,9.2,12.4,12.22,8.8,0.4,,9.8,1.43,7.3,1.44,2.5,,216.1,72.76,16.6,7.681628876
I4,Centro,ALAN,Ambient,Normal,10979703,21/6/22,GoPro8,6:00 pm,6:00 pm,24/6/22,GoPro8,5.30pm,1:00 pm,8.6,6.55,3.45,1.7,6.9,11.9,12.01,3.6,8.3,29/6/22,OSMO E,Wednesday 29th June 12/30,12.50pm,,OSMO E,,,9.3,9.59,11.11,2,7.3,10.8,2.38,9.5,1.3,,Wednesday 20th July,OSMO E,Wednesday 20th July,12.35pm,,OSMO E,,11.30am,11.6,9.35,10.23,7.1,4.5,,11.5,11.45,9.8,11.4,1.7,,44776,OSMO E,,1.20pm,,OSMO E,,,12.9,10.38,10.42,11.1,1.8,,12.6,11.51,12.4,11.58,0.2,17/8/22,OSMO E,,12.49pm,12.49pm,OSMO E,12.49pm,12.49pm,13.5,11.37,11.38,13.5,0,,11.6,12.54,0.3,1.05,11.3,,611.3,106.01,30.6,5.005725503
J1,Centro,ALAN,Ambient,Normal,20061295,21/6/22,GoPro2,6:00 pm,6:00 pm,24/6/22,GoPro2,5.30pm,1:00 pm,6.1,6.55,2:52,6.1,0,9.4,12.04,5.5,3.9,29/6/22,GoPro2,Wednesday 29th June 12/30,12.50pm,,GoPro2,,,9,10,11.12,8.6,0.4,10.2,2.4,3.8,6.4,,Wednesday 20th July,GoProA2,Wednesday 20th July,12.35pm,,GoProA2,,11.30am,11.2,9.37,10.24,9.7,1.5,,11.1,11.48,7.8,11.41,3.3,,44776,GoProA2,,1.20pm,,GoProA2,,,9.7,10.38,10.43,9.6,0.1,,12.3,11.54,10.4,12,1.9,17/8/22,GoProA2,,12.49pm,12.49pm,GoProA2,12.49pm,12.49pm,11,11.39,11.4,7.7,3.3,,11.7,12.54,8.5,1.07,3.2,,141.6,64.68,8.1,5.720338983
J2,Centro,ALAN,Ambient,Treated,,21/6/22,GoPro2,6:00 pm,6:00 pm,24/6/22,GoPro2,5.30pm,1:00 pm,5.9,7.3,2:52,4.8,1.1,10.6,12.49,5,5.6,29/6/22,GoPro2,Wednesday 29th June 12/30,12.50pm,,GoPro2,,,9.6,10.18,11.13,6.5,3.1,11.7,1.53,4.5,7.2,,Wednesday 20th July,GoProA2,Wednesday 20th July,12.35pm,,GoProA2,,11.30am,9.9,10.17,11.14,5.7,4.2,,12.9,12.42,10.3,12.26,2.6,,44776,GoProA2,,1.20pm,,GoProA2,,,11.6,11.12,11.21,6.1,5.5,,11.1,12.45,8.9,12.41,2.2,17/8/22,GoProA2,,12.49pm,12.49pm,GoProA2,12.49pm,12.49pm,9.9,12.43,12.24,6.2,3.7,,10.2,1.45,7.4,1.45,2.8,,423.4,93.2,32.7,7.723193198
J3,Centro,ALAN,Warm,Normal,20027927,21/6/22,GoPro4,6:00 pm,6:00 pm,24/6/22,GoPro4,5.30pm,1:00 pm,9.1,1900,2:55,0.6,8.5,10.9,12.07,10.9,0,29/6/22,GoPro4,Wednesday 29th June 12/30,12.50pm,,GoPro4,,,8.7,10.01,11.14,8.7,0,12.8,2.42,5.8,7,,Wednesday 20th July,GoPro4,Wednesday 20th July,12.35pm,,GoPro4,,11.30am,10.5,9.38,10.28,10.5,0,,12.8,11.5,9,11.44,3.8,,44776,GoPro4,,1.20pm,,GoPro4,,,11.8,10.4,10.45,10.4,1.4,,13,11.56,10.4,12.02,2.6,17/8/22,GoPro4,,12.49pm,12.49pm,GoPro4,12.49pm,12.49pm,10.5,11.4,11.41,10.4,0.1,,9.6,12.56,6.3,1.09,3.3,,335.5,76.92,19.4,5.782414307
J4,Centro,ALAN,Warm,Normal,10198055,21/6/22,GoPro4,6:00 pm,6:00 pm,24/6/22,GoPro4,5.30pm,1:00 pm,10.5,1900,2:55,10.5,0,10.4,12.08,5.9,4.5,29/6/22,GoPro4,Wednesday 29th June 12/30,12.50pm,,GoPro4,,,9.4,10.03,11.15,8.7,0.7,10.9,2.43,3.6,7.3,,Wednesday 20th July,GoPro4,Wednesday 20th July,12.35pm,,GoPro4,,11.30am,10.1,9.41,10.34,7.8,2.3,,11.6,11.52,8.8,11.46,2.8,,44776,GoPro4,,1.20pm,,GoPro4,,,9.1,10.41,10.48,5,4.1,,14.4,11.59,13.2,12.04,1.2,17/8/22,GoPro4,,12.49pm,12.49pm,GoPro4,12.49pm,12.49pm,9.9,11.43,11.43,7.2,2.7,,11.6,12.59,8.5,1.11,3.1,,273.5,75.59,16.8,6.142595978
K1,Centro,Dark,Warm,Normal,20061290,21/6/22,Bodycam1,6:00 pm,6:00 pm,24/6/22,Bodycam1/OSMO K,5.30pm,1:00 pm,6.8,1900,2:56,0.9,5.9,10.8,12.12,4.2,6.6,29/6/22,Bodycam1/OSMO K,Wednesday 29th June 12/30,12.50pm,,Bodycam1/OSMO K,,,8.4,10.04,11.16,7.5,0.9,11.2,2.46,2.4,8.8,,Wednesday 20th July,Bodycam1/OSMO K,Wednesday 20th July,12.35pm,,Bodycam1/OSMO K,,11.30am,9.6,9.41,10.37,5.4,4.2,,10.8,11.54,8.7,11.47,2.1,,44776,Bodycam1/OSMO K,,1.20pm,,Bodycam1/OSMO K,,,10.9,10.43,10.49,5.8,5.1,,10.9,12,6.6,12.05,4.3,17/8/22,Bodycam1/OSMO K,,12.49pm,12.49pm,Bodycam1/OSMO K,12.49pm,12.49pm,10.1,11.44,11.44,6.3,3.8,,9.4,1,0.2,1.13,9.2,,428.5,91.32,35.5,8.284714119
K2,Centro,Dark,Ambient,Normal,,21/6/22,Bodycam1,6:00 pm,6:00 pm,24/6/22,Bodycam1/OSMO K,5.30pm,1:00 pm,9.9,1900,2:56,6.7,3.2,11.4,12.14,6.3,5.1,29/6/22,Bodycam1/OSMO K,Wednesday 29th June 12/30,12.50pm,,Bodycam1/OSMO K,,,9.8,10.05,11.17,9.8,0,9.5,2.46,7.2,2.3,,Wednesday 20th July,Bodycam1/OSMO K,Wednesday 20th July,12.35pm,,Bodycam1/OSMO K,,11.30am,9.7,9.44,10.4,9.7,0,,12.8,11.57,6,11.49,6.8,,44776,Bodycam1/OSMO K,,1.20pm,,Bodycam1/OSMO K,,,11.3,10.44,10.51,9.6,1.7,,13.4,12.02,12.7,12.07,0.7,17/8/22,Bodycam1/OSMO K,,12.49pm,12.49pm,Bodycam1/OSMO K,12.49pm,12.49pm,10.1,11.46,11.47,6.8,3.3,,12.7,1.02,12.7,1.15,0,,372.7,88.83,7.8,2.092836061
K3,Centro,Dark,Warm,Treated,,21/6/22,Bodycam2,6:00 pm,6:00 pm,24/6/22,Bodycam2/OSMO A,5.30pm,1:00 pm,9.4,7.34,2:58,8.4,1,9.2,12.54,8.4,0.8,29/6/22,Bodycam2/OSMO A,Wednesday 29th June 12/30,12.50pm,,Bodycam2/OSMO A,,,9.5,10.27,11.18,9,0.5,9.9,1.58,9.9,0,,Wednesday 20th July,Bodycam2/OSMO A,Wednesday 20th July,12.35pm,,Bodycam2/OSMO A,,11.30am,10.3,10.2,11.16,10.3,0,,11.2,12.48,9,12.3,2.2,,44776,Bodycam2/OSMO A,,1.20pm,,Bodycam2/OSMO A,,,14.9,11.12,11.23,14,0.9,,14.7,12.48,12.6,12.46,2.1,17/8/22,Bodycam2/OSMO A,,12.49pm,12.49pm,Bodycam2/OSMO A,12.49pm,12.49pm,10.4,12.49,12.27,8,2.4,,10.3,1.49,9.7,1.48,0.6,,218,70.49,6.4,2.935779817
K4,Centro,Dark,Ambient,Normal,10505453,21/6/22,Bodycam2,6:00 pm,6:00 pm,24/6/22,Bodycam2/OSMO A,5.30pm,1:00 pm,7.5,7:00 pm,2:58,3.9,3.6,10.2,12.15,10.2,0,29/6/22,Bodycam2/OSMO A,Wednesday 29th June 12/30,12.50pm,,Bodycam2/OSMO A,,,9.8,10.07,11.19,6.8,3,10.8,2.47,9.7,1.1,,Wednesday 20th July,Bodycam2/OSMO A,Wednesday 20th July,12.35pm,,Bodycam2/OSMO A,,11.30am,10.7,9.45,10.42,10.7,0,,11.6,12.04,11.1,11.52,0.5,,44776,Bodycam2/OSMO A,,1.20pm,,Bodycam2/OSMO A,,,11,10.45,10.52,3.2,7.8,,9.6,12.05,6.2,12.08,3.4,17/8/22,Bodycam2/OSMO A,,12.49pm,12.49pm,Bodycam2/OSMO A,12.49pm,12.49pm,11.4,11.48,11.49,10.1,1.3,,12.3,1.04,10.2,1.18,2.1,,330.5,81.23,7,2.118003026
L1,Centro,ALAN,Warm,Treated,,21/6/22,GoPro1,6:00 pm,6:00 pm,24/6/22,GoPro1,5.30pm,1:00 pm,10.1,7.34,3:00,9.6,0.5,11.5,12.57,11.3,0.2,29/6/22,GoPro1,Wednesday 29th June 12/30,12.50pm,,GoPro1,,,10.5,10.14,11.2,10.3,0.2,8.8,1.59,7.1,1.7,,Wednesday 20th July,GoProA3,Wednesday 20th July,12.35pm,,GoProA3,,11.30am,14.1,10.03,11.19,13.7,0.4,,10.6,12.51,8.4,12.31,2.2,,44776,GoProA3,,1.20pm,,GoProA3,,,9.8,11.19,11.24,9.5,0.3,,9.6,12.5,9.4,12.48,0.2,17/8/22,GoProA3,,12.49pm,12.49pm,GoProA3,12.49pm,12.49pm,10.2,12.53,12.3,9.6,0.6,,15.7,1.51,15.7,1.5,0,,124.6,60.82,2.1,1.685393258
L2,Centro,ALAN,Ambient,Normal,10620255,21/6/22,GoPro1,6:00 pm,6:00 pm,24/6/22,GoPro1,5.30pm,1:00 pm,9.8,7:00 pm,3:00,7.9,1.9,10.8,12.16,7.2,3.6,29/6/22,GoPro1,Wednesday 29th June 12/30,12.50pm,,GoPro1,,,9.2,10.09,11.21,8.1,1.1,10.8,2.48,8.7,2.1,,Wednesday 20th July,GoProA3,Wednesday 20th July,12.35pm,,GoProA3,,11.30am,9.8,9.47,10.42,8,1.8,,12.2,12.06,11.1,11.57,1.1,,44776,GoProA3,,1.20pm,,GoProA3,,,11.8,10.46,10.54,11,0.8,,9.3,12.07,9,12.1,0.3,17/8/22,GoProA3,,12.49pm,12.49pm,GoProA3,12.49pm,12.49pm,10,11.5,11.52,8.3,1.7,,12.2,1.05,8.4,1.2,3.8,,135.4,59.26,4.8,3.545051699
L3,Centro,ALAN,Ambient,Treated,10198052,21/6/22,GoPro7,6:00 pm,6:00 pm,24/6/22,GoPro7,5.30pm,1:00 pm,4.6,7.3,3:03,4.6,0,11.6,12.51,11.5,0.1,29/6/22,GoPro7,Wednesday 29th June 12/30,12.50pm,,GoPro7,,,9.1,10.18,11.22,8.9,0.2,16.9,1.55,16.9,0,,Wednesday 20th July,GoPro7,Wednesday 20th July,12.35pm,,GoProA4,,11.30am,10.3,10.19,11.21,8.6,1.7,,9.1,12.45,8.1,12.28,1,,44776,GoPro7,,1.20pm,,GoProA4,,,11.7,11.16,11.26,11.3,0.4,,7.1,12.45,6.9,12.43,0.2,17/8/22,GoPro7,,12.49pm,12.49pm,GoProA4,12.49pm,12.49pm,9.5,12.46,12.26,9.5,0,,14,1.46,11.7,1.47,2.3,,118.4,55.34,0.3,0.253378378
L4,Centro,ALAN,Warm,Normal,,21/6/22,GoPro7,6:00 pm,6:00 pm,24/6/22,GoPro7,5.30pm,1:00 pm,7.6,1906,3:03,2.4,5.2,12,12.19,9.5,2.5,29/6/22,GoPro7,Wednesday 29th June 12/30,12.50pm,,GoPro7,,,9.6,10.1,11.23,7.3,2.3,11.6,2.49,6.5,5.1,,Wednesday 20th July,GoPro7,Wednesday 20th July,12.35pm,,GoProA4,,11.30am,13.6,9.47,10.47,11.4,2.2,,12.3,12.09,6.8,11.58,5.5,,44776,GoPro7,,1.20pm,,GoProA4,,,10.2,10.49,10.58,7.2,3,,11.1,12.08,10,12.11,1.1,17/8/22,GoPro7,,12.49pm,12.49pm,GoProA4,12.49pm,12.49pm,10,11.53,11.54,5.6,4.4,,10.4,1.07,5.9,1.22,4.5,,308.1,82.45,16.7,5.420318079
M1,Centro,Dark,Warm,Normal,20061296,21/6/22,Bodycam7,6:00 pm,6:00 pm,24/6/22,Bodycam7/OSMO E,5.30pm,1:00 pm,6.5,1906,3:05,2.4,4.1,10.4,12.2,1.1,9.3,27/6/22,Bodycam6/GOProA2,Monday 27th June,11.45am,,Bodycam6/GOProA2,,,10,12.27,1.04,7,3,10,1.29,8.3,1.7,,Monday 18th July,Bodycam6/GOProA2,Monday 18th July,12.35pm,,Bodycam6/GOProA2,,11.30am,11.2,12.25,12.34,6,5.2,,11.9,1.38,6.5,1:38,5.4,,44774,Bodycam6/GOProA2,,0.5,0.5,Bodycam1/GOProA2,0.5,0.5,10.5,10.37,10.35,7.6,2.9,,10.1,11.34,5.3,11.34,4.8,15/8/22,Bodycam6/GOProA2,,11.3,11.3,Bodycam1/GOProA2,11.3,11.3,10.9,12.03,12.11,5.2,5.7,,9.6,2.13,7.4,2.17,2.2,,414.5,88.66,42.1,10.15681544
M2,Centro,Dark,Warm,Normal,,21/6/22,Bodycam7,6:00 pm,6:00 pm,24/6/22,Bodycam7/OSMO E,5.30pm,1:00 pm,8.3,1906,3:05,8,0.3,11.09,12.22,4.5,6.59,27/6/22,Bodycam6/GOProA2,Monday 27th June,11.45am,,Bodycam6/GOProA2,,,10.8,12.28,1.04,10.8,0,14,1.29,7.9,6.1,,Monday 18th July,Bodycam6/GOProA2,Monday 18th July,12.35pm,,Bodycam6/GOProA2,,11.30am,12.5,12.26,12.37,12.5,0,,13.4,1.4,9.5,1:39,3.9,,44774,Bodycam6/GOProA2,,0.5,0.5,Bodycam1/GOProA2,0.5,0.5,11,10.38,10.37,9.5,1.5,,13.2,11.36,8.7,11.36,4.5,15/8/22,Bodycam6/GOProA2,,11.3,11.3,Bodycam1/GOProA2,11.3,11.3,14.3,12.07,12.13,14.3,0,,11.5,2.13,9.6,2.18,1.9,,328.8,77.5,9.3,2.828467153
M3,Centro,Dark,Ambient,Normal,20056156,21/6/22,Bodycam9,6:00 pm,6:00 pm,24/6/22,Bodycam9/OSMO F,5.30pm,1:00 pm,6.5,1906,3:09,0,6.5,10.9,12.23,3.1,7.8,29/6/22,Bodycam9/OSMO F,Wednesday 29th June 12/30,12.50pm,,Bodycam9/OSMO F,,,8.6,10.12,11.31,1.5,7.1,9,2.52,7,2,,Wednesday 20th July,Bodycam9/OSMO F,Wednesday 20th July,12.35pm,,Bodycam9/OSMO F,,11.30am,10.3,9.5,10.49,6.8,3.5,,10.2,12.11,9.1,12.01,1.1,,44776,Bodycam9/OSMO F,,1.20pm,,Bodycam9/OSMO F,,,13.9,10.5,11,13.9,0,,9.9,12.09,4.9,12.13,5,17/8/22,Bodycam9/OSMO F,,12.49pm,12.49pm,Bodycam9/OSMO F,12.49pm,12.49pm,10.3,11.58,11.55,10.1,0.2,,10.9,1.09,5.3,1.24,5.6,,461.9,91.25,25.1,5.43407664
M4,Centro,Dark,Ambient,Treated,20061304,21/6/22,Bodycam9,6:00 pm,6:00 pm,24/6/22,Bodycam9/OSMO F,5.30pm,1:00 pm,10,7.25,3:09,9.3,0.7,11.1,12.46,11.1,0,,Bodycam9/OSMO F,Wednesday 29th June 12/30,12.50pm,,Bodycam9/OSMO F,,,8.1,10.25,11.4,1,7.1,17.9,1.48,17.7,0.2,,Wednesday 20th July,Bodycam9/OSMO F,Wednesday 20th July,12.35pm,,Bodycam9/OSMO F,,11.30am,9.9,10.17,11.23,9.9,0,,10.7,12.37,9.7,12.23,1,,44776,Bodycam9/OSMO F,,1.20pm,,Bodycam9/OSMO F,,,12.9,11.08,11.28,6.5,6.4,,11.2,12.37,11.2,12.37,0,17/8/22,Bodycam9/OSMO F,,12.49pm,12.49pm,Bodycam9/OSMO F,12.49pm,12.49pm,11.2,12.35,12.2,9.3,1.9,,11.7,1.31,11.7,1.42,0,,374.1,89.76,35,9.355787223
N1,Centro,ALAN,Ambient,Normal,20065891,21/6/22,GoProA3,6:00 pm,6:00 pm,24/6/22,GoProA3,5.30pm,1:00 pm,9.2,7.12,3:11,9.2,0,12.4,12.26,12.4,0,29/6/22,GoProA3,Wednesday 29th June 12/30,12.50pm,,GoProA3,,,12.9,1.12,1.29,8.9,4,9.1,2.53,9.1,0,,Wednesday 20th July,GoPro1,Wednesday 20th July,12.35pm,,GoPro1,,11.30am,11.4,9.51,10.51,11.2,0.2,"Circle of spines missing, may be stressed.",10.5,12.12,10.5,12.04,0,,44776,GoPro1,,1.20pm,,GoPro1,,,9.3,10.51,11.01,9.3,0,,10.7,12.11,8.3,12.15,2.4,17/8/22,GoPro1,,12.49pm,12.49pm,GoPro1,12.49pm,12.49pm,11.9,12,11.57,11.7,0.2,,10.3,1.11,10.3,1.25,0,,341.9,81.58,29.9,8.745247148
N2,Centro,ALAN,Warm,Normal,10126138,21/6/22,GoProA3,6:00 pm,6:00 pm,24/6/22,GoProA3,5.30pm,1:00 pm,8,7.12,3:12,8,0,13.1,12.27,13.1,0,29/6/22,GoProA3,Wednesday 29th June 12/30,12.50pm,,GoProA3,,,9.4,1.12,1.29,3.6,5.8,12,2.55,11.2,0.8,,Wednesday 20th July,GoPro1,Wednesday 20th July,12.35pm,,GoPro1,,11.30am,9.9,9.54,10.53,8.4,1.5,,12,12.15,7.1,12.05,4.9,,44776,GoPro1,,1.20pm,,GoPro1,,,10.7,10.52,11.03,9.2,1.5,,12,12.14,8.3,12.17,3.7,17/8/22,GoPro1,,12.49pm,12.49pm,GoPro1,12.49pm,12.49pm,10.5,12.02,11.59,9.1,1.4,,8.8,1.14,6.3,1.27,2.5,,185.5,66.82,8.1,4.366576819
N3,Centro,ALAN,Warm,Normal,,21/6/22,GoProA4,6:00 pm,6:00 pm,24/6/22,GoProA4,5.30pm,1:00 pm,7.4,7.12,3:16,0,7.4,9.9,12.29,8.2,1.7,29/6/22,GoProA4,Wednesday 29th June 12/30,12.50pm,,GoProA4,,,12.7,1.13,1.29,12.1,0.6,10,2.56,7.9,2.1,,Wednesday 20th July,GoProA4,Wednesday 20th July,12.35pm,,GoPro7,,11.30am,12.3,9.55,10.55,10.6,1.7,,11,12.17,8.7,12.07,2.3,,44776,GoProA4,,1.20pm,,GoPro7,,,9.5,10.55,11.04,8.8,0.7,,10.3,12.15,7.8,12.19,2.5,17/8/22,GoProA4,,12.49pm,12.49pm,GoPro7,12.49pm,12.49pm,10.1,12.07,12.02,8.5,1.6,,10.9,1.15,8.2,1.28,2.7,,114.4,58.17,3.5,3.059440559
N4,Centro,ALAN,Ambient,Normal,20061297,21/6/22,GoProA4,6:00 pm,6:00 pm,24/6/22,GoProA4,5.30pm,1:00 pm,6.3,7.12,3:16,0,6.3,12.3,12.31,12.3,0,29/6/22,GoProA4,Wednesday 29th June 12/30,12.50pm,,GoProA4,,,9.5,1.14,1.29,5.8,3.7,11.4,2.58,11.4,0,,Wednesday 20th July,GoProA4,Wednesday 20th July,12.35pm,,GoPro7,,11.30am,10.6,9.56,10.57,9.3,1.3,,9.3,12.2,9.3,12.09,0,,44776,GoProA4,,1.20pm,,GoPro7,,,14.8,10.55,11.06,14.7,0.1,,13.6,12.17,12.1,12.21,1.5,17/8/22,GoProA4,,12.49pm,12.49pm,GoPro7,12.49pm,12.49pm,10.2,12.11,12.04,8.1,2.1,,13.4,1.17,12.3,1.29,1.1,,157.3,64.66,7.4,4.704386523
O1,Centro (spare),ALAN,Ambient,Normal,10198058,21/6/22,GoProA5,6:00 pm,6:00 pm,24/6/22,GoProA5,5.30pm,1:00 pm,9.8,7.12,3:16,8.2,1.6,10.9,12.35,7,3.9,29/6/22,GoProA5,Wednesday 29th June 12/30,12.50pm,,GoProA5,,,10.2,1.14,1.29,5,5.2,9.8,2.59,7.9,1.9,,Wednesday 20th July,GoProA5,Wednesday 20th July,12.35pm,,GoProA5,,11.30am,10.4,9.57,10.59,5,5.4,,9.2,12.22,8,12.11,1.2,,44776,GoProA5,,1.20pm,,GoProA5,,,11,10.58,11.08,8.1,2.9,,14.1,12.19,10.4,12.23,3.7,17/8/22,GoProA5,,12.49pm,12.49pm,GoProA5,12.49pm,12.49pm,12,12.13,12.07,6.3,5.7,,13,1.19,10.5,1.32,2.5,,384.2,89.42,22.9,5.960437272
O2,Centro (spare),ALAN,Warm,Normal,20056142,21/6/22,GoProA5,6:00 pm,6:00 pm,24/6/22,GoProA5,5.30pm,1:00 pm,7.2,7.12,3:16,5.3,1.9,9.9,12.36,7.1,2.8,29/6/22,GoProA5,Wednesday 29th June 12/30,12.50pm,,GoProA5,,,8.1,1.16,1.29,5.2,2.9,9.4,3.01,9.3,0.1,,Wednesday 20th July,GoProA5,Wednesday 20th July,12.35pm,,GoProA5,,11.30am,10.3,9.58,11.01,10.3,0,,11.2,12.25,8.9,12.13,2.3,,44776,GoProA5,,1.20pm,,GoProA5,,,10.9,10.58,11.1,7.5,3.4,,11.8,12.21,11.1,12.24,0.7,17/8/22,GoProA5,,12.49pm,12.49pm,GoProA5,12.49pm,12.49pm,10.8,12.15,12.08,8.4,2.4,,11.6,1.21,10.7,1.33,0.9,,125.5,59.62,2.6,2.071713147
O3,Centro (spare),ALAN,Ambient,Normal,,21/6/22,Bodycam10,6:00 pm,6:00 pm,24/6/22,OSMO R,5.30pm,1:00 pm,6.7,7.12,3:19,6.1,0.6,10.6,12.38,10.5,0.1,29/6/22,OSMO R,Wednesday 29th June 12/30,12.50pm,,OSMO R,,,12.1,1.16,1.29,9.7,2.4,11.9,3.02,8.9,3,,Wednesday 20th July,OSMO R,Wednesday 20th July,12.35pm,,OSMO R,,11.30am,12.7,9.59,11.03,11.7,1,,9.2,12.26,8.7,12.14,0.5,,44776,OSMO R,,1.20pm,,OSMO R,,,12.8,11,11.1,12.1,0.7,,15.9,12.23,14.8,12.27,1.1,17/8/22,OSMO R,,12.49pm,12.49pm,OSMO R,12.49pm,12.49pm,11.4,12.2,12.1,10.5,0.9,,15.7,1.23,13.4,1.35,2.3,,120.4,57.56,3.4,2.823920266
O4,Centro (spare),ALAN,Warm,Normal,,21/6/22,Bodycam10,6:00 pm,6:00 pm,24/6/22,OSMO R,5.30pm,1:00 pm,6.5,7.17,3:19,6.5,0,12.6,12.4,2.9,9.7,29/6/22,OSMO R,Wednesday 29th June 12/30,12.50pm,,OSMO R,,,11.1,1.16,1.29,8.3,2.8,10.1,3.04,0.8,9.3,,Wednesday 20th July,OSMO R,Wednesday 20th July,,,OSMO R,,11.30am,10.2,10.02,11.06,8.6,1.6,,12.8,12.29,9.7,12.17,3.1,,44776,OSMO R,,1.20pm,,OSMO R,,,10,11.01,11.1,7.4,2.6,,11.6,12.24,6.3,12.29,5.3,17/8/22,OSMO R,,12.49pm,12.49pm,OSMO R,12.49pm,12.49pm,11.6,12.24,12.11,5,6.6,,10.3,1.24,8.3,1.36,2,,361.4,86.92,31.3,8.660763697
,,,,,,,,,,,,,,,,,,,,,,,,,,,,,,,,,,,,,,,,,,,,,,,,,,,,,,,,,,,,,,,,,,,,,,,,,,,,,,,,,,,,,,,,,,,,,,,,,,,,,,,
,,,,,,,Week 1,,,Kelp 1,Kelp 1,Kelp 1,Kelp 1,Kelp 1,Kelp 1,Kelp 1,Kelp 2,Kelp 2,Kelp 2,Kelp 2,Kelp 2,Kelp 2,,,,,,,,,,,,,,,,,,,,,,,,,,,,,,,,,,,,,,,,,,,,,,,,,,,,,,,,,,,,,,,,,,,,,,,,,,,,,,,,,
Tank,Species,Light,Temp,,Logger Serial Number,,Microbial swab (y/n),Freeze additional 5g (y/n),,Yield Week 1 (20th June),Bleaching Week 1 (1=0-5% tissue bleaching; 2=6-25%; 3=25-49%; 4=50-74%; 5=75-100%).,Yield Week 2 (27th june),Bleaching Week 2,Yield week 2.5 (30th June),Yield week 5 (kelp 1),Bleaching week 5 (kelp 1),Yield week 5 (kelp 2),Bleaching week 5 (kelp 2),Yield week 7 (kelp 2),Bleaching week 7 (kelp 2),Yield week 9 (kelp 2),Bleaching week 9 (kelp 2),,,,,,,,,,,,,,,,,,,,,,,,,,,,,,,,,,,,,,,,,,,,,,,,,,,,,,,,,,,,,,,,,,,,,,,,,,,,,,,,,
Kelp1,Ecklonia,ALAN,Warm,,10237444,,20/6/22,y,,685,1,772,1,730,778,1,797,,,,,,,,,,,,,,,,,,,,,,,,,,,,,,,,,,,,,,,,,,,,,,,,,,,,,,,,,,,,,,,,,,,,,,,,,,,,,,,,,,,,,,
Kelp2,Ecklonia,ALAN,Ambient,,20061305,,20/6/22,y,,710,1,748,1,760,810,2,783,,,,,,,,,,,,,,,,,,,,,,,,,,,,,,,,,,,,,,,,,,,,,,,,,,,,,,,,,,,,,,,,,,,,,,,,,,,,,,,,,,,,,,
Kelp3,Ecklonia,ALAN ,Warm,,20061301,,20/6/22,y,,782,1,783,1,769,782,1,828,,,,,,,,,,,,,,,,,,,,,,,,,,,,,,,,,,,,,,,,,,,,,,,,,,,,,,,,,,,,,,,,,,,,,,,,,,,,,,,,,,,,,,
Kelp4,Ecklonia,ALAN,Ambient,,20061292,,20/6/22,y,,681,1,788,1,780,767,1,811,,,,,,,,,,,,,,,,,,,,,,,,,,,,,,,,,,,,,,,,,,,,,,,,,,,,,,,,,,,,,,,,,,,,,,,,,,,,,,,,,,,,,,
Kelp5,Ecklonia,Dark,Ambient,,20061291,,20/6/22,y,,737,1,778,1,777,774,1,827,,,,,,,,,,,,,,,,,,,,,,,,,,,,,,,,,,,,,,,,,,,,,,,,,,,,,,,,,,,,,,,,,,,,,,,,,,,,,,,,,,,,,,
Kelp6,Ecklonia,Dark,Ambient,,20043395,,20/6/22,y,,697,1,800,1,807,799,1,788,,,,,,,,,,,,,,,,,,,,,,,,,,,,,,,,,,,,,,,,,,,,,,,,,,,,,,,,,,,,,,,,,,,,,,,,,,,,,,,,,,,,,,
Kelp7,Ecklonia,Dark,Warm,,20011552,,20/6/22,y,,664,1,783,1 (some bleaching but less than 5%),701,762,1,800,,,,,,,,,,,,,,,,,,,,,,,,,,,,,,,,,,,,,,,,,,,,,,,,,,,,,,,,,,,,,,,,,,,,,,,,,,,,,,,,,,,,,,
Kelp8,Ecklonia,Dark,Warm,,20061302,,20/6/22,y,,697,1,781,1,785,768,1,795,,,,,,,,,,,,,,,,,,,,,,,,,,,,,,,,,,,,,,,,,,,,,,,,,,,,,,,,,,,,,,,,,,,,,,,,,,,,,,,,,,,,,,
,,,,,,,,,,"On, press up, press set, press start with thumb on sensor",,,,,,,,,,,,,,,,,,,,,,,,,,,,,,,,,,,,,,,,,,,,,,,,,,,,,,,,,,,,,,,,,,,,,,,,,,,,,,,,,,,,,,,,,,,,,
,,,,,,,,,,,,,,,,,,,,,,,,,,,,,,,,,,,,,,,,,,,,,,,,,,,,,,,,,,,,,,,,,,,,,,,,,,,,,,,,,,,,,,,,,,,,,,,,,,,,,,,
Dissection Data,,,,,,,,,,,,,,,,,,,,,,,,,,,,,,,,,,,,,,,,,,,,,,,,,,,,,,,,,,,,,,,,,,,,,,,,,,,,,,,,,,,,,,,,,,,,,,,,,,,,,,,
Tank,Species,Light,Temp,Kelp,Hobo Logger Serial,Date Dissected,Total Weight,Test Diameter (mm),,Gonad Weight,,,,,,,,,,,,,,,,,,,,,,,,,,,,,,,,,,,,,,,,,,,,,,,,,,,,,,,,,,,,,,,,,,,,,,,,,,,,,,,,,,,,,,,,,,,,,
A1,Centro,ALAN,Warm,Normal,2006895,,,,,,,,,,,,,,,,,,,,,,,,,,,,,,,,,,,,,,,,,,,,,,,,,,,,,,,,,,,,,,,,,,,,,,,,,,,,,,,,,,,,,,,,,,,,,,,,,,
A2,Centro,ALAN,Ambient,Normal,20065890,,,,,,,,,,,,,,,,,,,,,,,,,,,,,,,,,,,,,,,,,,,,,,,,,,,,,,,,,,,,,,,,,,,,,,,,,,,,,,,,,,,,,,,,,,,,,,,,,,
A3,Centro,ALAN,Warm,Treated,,,,,,,,,,,,,,,,,,,,,,,,,,,,,,,,,,,,,,,,,,,,,,,,,,,,,,,,,,,,,,,,,,,,,,,,,,,,,,,,,,,,,,,,,,,,,,,,,,,
A4,Centro,ALAN,Ambient,Normal,20061299,,,,,,,,,,,,,,,,,,,,,,,,,,,,,,,,,,,,,,,,,,,,,,,,,,,,,,,,,,,,,,,,,,,,,,,,,,,,,,,,,,,,,,,,,,,,,,,,,,
B1,Centro,Dark,Warm,Treated,20056143,,,,,,,,,,,,,,,,,,,,,,,,,,,,,,,,,,,,,,,,,,,,,,,,,,,,,,,,,,,,,,,,,,,,,,,,,,,,,,,,,,,,,,,,,,,,,,,,,,
B2,Centro,Dark,Warm,Normal,,,,,,,,,,,,,,,,,,,,,,,,,,,,,,,,,,,,,,,,,,,,,,,,,,,,,,,,,,,,,,,,,,,,,,,,,,,,,,,,,,,,,,,,,,,,,,,,,,,
B3,Centro,Dark,Ambient,Normal,20043397,,,,,,,,,,,,,,,,,,,,,,,,,,,,,,,,,,,,,,,,,,,,,,,,,,,,,,,,,,,,,,,,,,,,,,,,,,,,,,,,,,,,,,,,,,,,,,,,,,
B4,Centro,Dark,Ambient,Normal,10505456,,,,,,,,,,,,,,,,,,,,,,,,,,,,,,,,,,,,,,,,,,,,,,,,,,,,,,,,,,,,,,,,,,,,,,,,,,,,,,,,,,,,,,,,,,,,,,,,,,
C1,Centro,Dark,Ambient,Normal,20061298,,,,,,,,,,,,,,,,,,,,,,,,,,,,,,,,,,,,,,,,,,,,,,,,,,,,,,,,,,,,,,,,,,,,,,,,,,,,,,,,,,,,,,,,,,,,,,,,,,
C2,Centro,Dark,Ambient,Normal,,,,,,,,,,,,,,,,,,,,,,,,,,,,,,,,,,,,,,,,,,,,,,,,,,,,,,,,,,,,,,,,,,,,,,,,,,,,,,,,,,,,,,,,,,,,,,,,,,,
C3,Centro,Dark,Warm,Treated,9803965,,,,,,,,,,,,,,,,,,,,,,,,,,,,,,,,,,,,,,,,,,,,,,,,,,,,,,,,,,,,,,,,,,,,,,,,,,,,,,,,,,,,,,,,,,,,,,,,,,
C4,Centro,Dark,Warm,Normal,,,,,,,,,,,,,,,,,,,,,,,,,,,,,,,,,,,,,,,,,,,,,,,,,,,,,,,,,,,,,,,,,,,,,,,,,,,,,,,,,,,,,,,,,,,,,,,,,,,
D1,Centro,ALAN,Ambient,Treated,20043398,,,,,,,,,,,,,,,,,,,,,,,,,,,,,,,,,,,,,,,,,,,,,,,,,,,,,,,,,,,,,,,,,,,,,,,,,,,,,,,,,,,,,,,,,,,,,,,,,,
D2,Centro,ALAN,Warm,Treated,9837385,,,,,,,,,,,,,,,,,,,,,,,,,,,,,,,,,,,,,,,,,,,,,,,,,,,,,,,,,,,,,,,,,,,,,,,,,,,,,,,,,,,,,,,,,,,,,,,,,,
D3,Centro,ALAN,Warm,Normal,20065893,,,,,,,,,,,,,,,,,,,,,,,,,,,,,,,,,,,,,,,,,,,,,,,,,,,,,,,,,,,,,,,,,,,,,,,,,,,,,,,,,,,,,,,,,,,,,,,,,,
D4,Centro,ALAN,Ambient,Normal,,,,,,,,,,,,,,,,,,,,,,,,,,,,,,,,,,,,,,,,,,,,,,,,,,,,,,,,,,,,,,,,,,,,,,,,,,,,,,,,,,,,,,,,,,,,,,,,,,,
E1,Centro,Dark,Warm,Normal,20056157,,,,,,,,,,,,,,,,,,,,,,,,,,,,,,,,,,,,,,,,,,,,,,,,,,,,,,,,,,,,,,,,,,,,,,,,,,,,,,,,,,,,,,,,,,,,,,,,,,
E2,Centro,Dark,Ambient,Treated,20065902,,,,,,,,,,,,,,,,,,,,,,,,,,,,,,,,,,,,,,,,,,,,,,,,,,,,,,,,,,,,,,,,,,,,,,,,,,,,,,,,,,,,,,,,,,,,,,,,,,
E3,Centro,Dark,Ambient,Normal,10620182,,,,,,,,,,,,,,,,,,,,,,,,,,,,,,,,,,,,,,,,,,,,,,,,,,,,,,,,,,,,,,,,,,,,,,,,,,,,,,,,,,,,,,,,,,,,,,,,,,
E4,Centro,Dark,Warm,Treated,,,,,,,,,,,,,,,,,,,,,,,,,,,,,,,,,,,,,,,,,,,,,,,,,,,,,,,,,,,,,,,,,,,,,,,,,,,,,,,,,,,,,,,,,,,,,,,,,,,
F1,Centro,ALAN,Ambient,Normal,10198060,,,,,,,,,,,,,,,,,,,,,,,,,,,,,,,,,,,,,,,,,,,,,,,,,,,,,,,,,,,,,,,,,,,,,,,,,,,,,,,,,,,,,,,,,,,,,,,,,,
F2,Centro,ALAN,Warm,Treated,20061307,,,,,,,,,,,,,,,,,,,,,,,,,,,,,,,,,,,,,,,,,,,,,,,,,,,,,,,,,,,,,,,,,,,,,,,,,,,,,,,,,,,,,,,,,,,,,,,,,,
F3,Centro,ALAN,Ambient,Normal,20046835,,,,,,,,,,,,,,,,,,,,,,,,,,,,,,,,,,,,,,,,,,,,,,,,,,,,,,,,,,,,,,,,,,,,,,,,,,,,,,,,,,,,,,,,,,,,,,,,,,
F4,Centro,ALAN,Warm,Normal,,,,,,,,,,,,,,,,,,,,,,,,,,,,,,,,,,,,,,,,,,,,,,,,,,,,,,,,,,,,,,,,,,,,,,,,,,,,,,,,,,,,,,,,,,,,,,,,,,,
G1,Centro,Dark,Warm,Normal,20061294,,,,,,,,,,,,,,,,,,,,,,,,,,,,,,,,,,,,,,,,,,,,,,,,,,,,,,,,,,,,,,,,,,,,,,,,,,,,,,,,,,,,,,,,,,,,,,,,,,
G2,Centro,Dark,Ambient,Treated,,,,,,,,,,,,,,,,,,,,,,,,,,,,,,,,,,,,,,,,,,,,,,,,,,,,,,,,,,,,,,,,,,,,,,,,,,,,,,,,,,,,,,,,,,,,,,,,,,,
G3,Centro,Dark,Warm,Normal,20061300,,,,,,,,,,,,,,,,,,,,,,,,,,,,,,,,,,,,,,,,,,,,,,,,,,,,,,,,,,,,,,,,,,,,,,,,,,,,,,,,,,,,,,,,,,,,,,,,,,
G4,Centro,Dark,Ambient,Normal,20061306,,,,,,,,,,,,,,,,,,,,,,,,,,,,,,,,,,,,,,,,,,,,,,,,,,,,,,,,,,,,,,,,,,,,,,,,,,,,,,,,,,,,,,,,,,,,,,,,,,
H1,Centro,Dark,Ambient,Normal,20284456,,,,,,,,,,,,,,,,,,,,,,,,,,,,,,,,,,,,,,,,,,,,,,,,,,,,,,,,,,,,,,,,,,,,,,,,,,,,,,,,,,,,,,,,,,,,,,,,,,
H2,Centro,Dark,Ambient,Treated,20056145,,,,,,,,,,,,,,,,,,,,,,,,,,,,,,,,,,,,,,,,,,,,,,,,,,,,,,,,,,,,,,,,,,,,,,,,,,,,,,,,,,,,,,,,,,,,,,,,,,
H3,Centro,Dark,Warm,Normal,20284457,,,,,,,,,,,,,,,,,,,,,,,,,,,,,,,,,,,,,,,,,,,,,,,,,,,,,,,,,,,,,,,,,,,,,,,,,,,,,,,,,,,,,,,,,,,,,,,,,,
H4,Centro,Dark,Warm,Normal,,,,,,,,,,,,,,,,,,,,,,,,,,,,,,,,,,,,,,,,,,,,,,,,,,,,,,,,,,,,,,,,,,,,,,,,,,,,,,,,,,,,,,,,,,,,,,,,,,,
I1,Centro,ALAN,Warm,Normal,,20/6/22,306.1,78.88,,24.1,,,,,,,,,,,,,,,,,,,,,,,,,,,,,,,,,,,,,,,,,,,,,,,,,,,,,,,,,,,,,,,,,,,,,,,,,,,,,,,,,,,,,,,,,,,,,
I2,Centro,ALAN,Warm,Normal,10126135,,,,,,,,,,,,,,,,,,,,,,,,,,,,,,,,,,,,,,,,,,,,,,,,,,,,,,,,,,,,,,,,,,,,,,,,,,,,,,,,,,,,,,,,,,,,,,,,,,
I3,Centro,ALAN,Ambient,Treated,20027925,20/6/22,186.5,69.56,,4.7,,,,,,,,,,,,,,,,,,,,,,,,,,,,,,,,,,,,,,,,,,,,,,,,,,,,,,,,,,,,,,,,,,,,,,,,,,,,,,,,,,,,,,,,,,,,,
I4,Centro,ALAN,Ambient,Normal,10979703,20/6/22,242.4,74.3,,17.8,,,,,,,,,,,,,,,,,,,,,,,,,,,,,,,,,,,,,,,,,,,,,,,,,,,,,,,,,,,,,,,,,,,,,,,,,,,,,,,,,,,,,,,,,,,,,
J1,Centro,ALAN,Ambient,Normal,20061295,,,,,,,,,,,,,,,,,,,,,,,,,,,,,,,,,,,,,,,,,,,,,,,,,,,,,,,,,,,,,,,,,,,,,,,,,,,,,,,,,,,,,,,,,,,,,,,,,,
J2,Centro,ALAN,Ambient,Treated,,,,,,,,,,,,,,,,,,,,,,,,,,,,,,,,,,,,,,,,,,,,,,,,,,,,,,,,,,,,,,,,,,,,,,,,,,,,,,,,,,,,,,,,,,,,,,,,,,,
J3,Centro,ALAN,Warm,Normal,20027927,,,,,,,,,,,,,,,,,,,,,,,,,,,,,,,,,,,,,,,,,,,,,,,,,,,,,,,,,,,,,,,,,,,,,,,,,,,,,,,,,,,,,,,,,,,,,,,,,,
J4,Centro,ALAN,Warm,Normal,10198055,,,,,,,,,,,,,,,,,,,,,,,,,,,,,,,,,,,,,,,,,,,,,,,,,,,,,,,,,,,,,,,,,,,,,,,,,,,,,,,,,,,,,,,,,,,,,,,,,,
K1,Centro,Dark,Warm,Normal,20061290,,,,,,,,,,,,,,,,,,,,,,,,,,,,,,,,,,,,,,,,,,,,,,,,,,,,,,,,,,,,,,,,,,,,,,,,,,,,,,,,,,,,,,,,,,,,,,,,,,
K2,Centro,Dark,Ambient,Normal,,,,,,,,,,,,,,,,,,,,,,,,,,,,,,,,,,,,,,,,,,,,,,,,,,,,,,,,,,,,,,,,,,,,,,,,,,,,,,,,,,,,,,,,,,,,,,,,,,,
K3,Centro,Dark,Warm,Treated,,,,,,,,,,,,,,,,,,,,,,,,,,,,,,,,,,,,,,,,,,,,,,,,,,,,,,,,,,,,,,,,,,,,,,,,,,,,,,,,,,,,,,,,,,,,,,,,,,,
K4,Centro,Dark,Ambient,Normal,10505453,,,,,,,,,,,,,,,,,,,,,,,,,,,,,,,,,,,,,,,,,,,,,,,,,,,,,,,,,,,,,,,,,,,,,,,,,,,,,,,,,,,,,,,,,,,,,,,,,,
L1,Centro,ALAN,Warm,Treated,10126135,20/6/22,246,78.17,,33.9,,,,,,,,,,,,,,,,,,,,,,,,,,,,,,,,,,,,,,,,,,,,,,,,,,,,,,,,,,,,,,,,,,,,,,,,,,,,,,,,,,,,,,,,,,,,,
L2,Centro,ALAN,Ambient,Normal,10620255,20/6/22,263,88.46,,7,,,,,,,,,,,,,,,,,,,,,,,,,,,,,,,,,,,,,,,,,,,,,,,,,,,,,,,,,,,,,,,,,,,,,,,,,,,,,,,,,,,,,,,,,,,,,
L3,Centro,ALAN,Ambient,Treated,10198052,,,,,,,,,,,,,,,,,,,,,,,,,,,,,,,,,,,,,,,,,,,,,,,,,,,,,,,,,,,,,,,,,,,,,,,,,,,,,,,,,,,,,,,,,,,,,,,,,,
L4,Centro,ALAN,Warm,Normal,,,,,,,,,,,,,,,,,,,,,,,,,,,,,,,,,,,,,,,,,,,,,,,,,,,,,,,,,,,,,,,,,,,,,,,,,,,,,,,,,,,,,,,,,,,,,,,,,,,
M1,Centro,Dark,Warm,Normal,20061296,,,,,,,,,,,,,,,,,,,,,,,,,,,,,,,,,,,,,,,,,,,,,,,,,,,,,,,,,,,,,,,,,,,,,,,,,,,,,,,,,,,,,,,,,,,,,,,,,,
M2,Centro,Dark,Warm,Normal,,,,,,,,,,,,,,,,,,,,,,,,,,,,,,,,,,,,,,,,,,,,,,,,,,,,,,,,,,,,,,,,,,,,,,,,,,,,,,,,,,,,,,,,,,,,,,,,,,,
M3,Centro,Dark,Ambient,Normal,20056156,,,,,,,,,,,,,,,,,,,,,,,,,,,,,,,,,,,,,,,,,,,,,,,,,,,,,,,,,,,,,,,,,,,,,,,,,,,,,,,,,,,,,,,,,,,,,,,,,,
M4,Centro,Dark,Ambient,Treated,20061304,,,,,,,,,,,,,,,,,,,,,,,,,,,,,,,,,,,,,,,,,,,,,,,,,,,,,,,,,,,,,,,,,,,,,,,,,,,,,,,,,,,,,,,,,,,,,,,,,,
N1,Centro,ALAN,Ambient,Normal,20065891,,,,,,,,,,,,,,,,,,,,,,,,,,,,,,,,,,,,,,,,,,,,,,,,,,,,,,,,,,,,,,,,,,,,,,,,,,,,,,,,,,,,,,,,,,,,,,,,,,
N2,Centro,ALAN,Warm,Normal,10126138,,,,,,,,,,,,,,,,,,,,,,,,,,,,,,,,,,,,,,,,,,,,,,,,,,,,,,,,,,,,,,,,,,,,,,,,,,,,,,,,,,,,,,,,,,,,,,,,,,
N3,Centro,ALAN,Warm,Normal,,,,,,,,,,,,,,,,,,,,,,,,,,,,,,,,,,,,,,,,,,,,,,,,,,,,,,,,,,,,,,,,,,,,,,,,,,,,,,,,,,,,,,,,,,,,,,,,,,,
N4,Centro,ALAN,Ambient,Normal,20061297,,,,,,,,,,,,,,,,,,,,,,,,,,,,,,,,,,,,,,,,,,,,,,,,,,,,,,,,,,,,,,,,,,,,,,,,,,,,,,,,,,,,,,,,,,,,,,,,,,
O1,Centro (spare),ALAN,Ambient,Normal,10198058,20/6/22,114.9,63.55,,5.3,,,,,,,,,,,,,,,,,,,,,,,,,,,,,,,,,,,,,,,,,,,,,,,,,,,,,,,,,,,,,,,,,,,,,,,,,,,,,,,,,,,,,,,,,,,,,
O2,Centro (spare),ALAN,Warm,Normal,20056142,20/6/22,347.9,90.25,,26.1,,,,,,,,,,,,,,,,,,,,,,,,,,,,,,,,,,,,,,,,,,,,,,,,,,,,,,,,,,,,,,,,,,,,,,,,,,,,,,,,,,,,,,,,,,,,,
O3,Centro (spare),ALAN,Ambient,Normal,,20/6/22,349.1,90.35,,28.1,,,,,,,,,,,,,,,,,,,,,,,,,,,,,,,,,,,,,,,,,,,,,,,,,,,,,,,,,,,,,,,,,,,,,,,,,,,,,,,,,,,,,,,,,,,,,
O4,Centro (spare),ALAN,Warm,Normal,,20/6/22,267.7,75.04,,13.9,,,,,,,,,,,,,,,,,,,,,,,,,,,,,,,,,,,,,,,,,,,,,,,,,,,,,,,,,,,,,,,,,,,,,,,,,,,,,,,,,,,,,,,,,,,,,
,,,,,,,2323.6,,,,,,,,,,,,,,,,,,,,,,,,,,,,,,,,,,,,,,,,,,,,,,,,,,,,,,,,,,,,,,,,,,,,,,,,,,,,,,,,,,,,,,,,,,,,,,,,
,,,,,,,,,,,,,,,,,,,,,,,,,,,,,,,,,,,,,,,,,,,,,,,,,,,,,,,,,,,,,,,,,,,,,,,,,,,,,,,,,,,,,,,,,,,,,,,,,,,,,,,
,,,,,,,,,,,,,,,,,,,,,,,,,,,,,,,,,,,,,,,,,,,,,,,,,,,,,,,,,,,,,,,,,,,,,,,,,,,,,,,,,,,,,,,,,,,,,,,,,,,,,,,
,,,,,,,,,,,,,,,,,,,,,,,,,,,,,,,,,,,,,,,,,,,,,,,,,,,,,,,,,,,,,,,,,,,,,,,,,,,,,,,,,,,,,,,,,,,,,,,,,,,,,,,
,,,,,,,,,,,,,,,,,,,,,,,,,,,,,,,,,,,,,,,,,,,,,,,,,,,,,,,,,,,,,,,,,,,,,,,,,,,,,,,,,,,,,,,,,,,,,,,,,,,,,,,
,,,,,,,,,,,,,,,,,,,,,,,,,,,,,,,,,,,,,,,,,,,,,,,,,,,,,,,,,,,,,,,,,,,,,,,,,,,,,,,,,,,,,,,,,,,,,,,,,,,,,,,
,,,,,,,,,,,,,,,,,,,,,,,,,,,,,,,,,,,,,,,,,,,,,,,,,,,,,,,,,,,,,,,,,,,,,,,,,,,,,,,,,,,,,,,,,,,,,,,,,,,,,,,
,,,,,,,,,,,,,,,,,,,,,,,,,,,,,,,,,,,,,,,,,,,,,,,,,,,,,,,,,,,,,,,,,,,,,,,,,,,,,,,,,,,,,,,,,,,,,,,,,,,,,,,
,,,,,,,,,,,,,,,,,,,,,,,,,,,,,,,,,,,,,,,,,,,,,,,,,,,,,,,,,,,,,,,,,,,,,,,,,,,,,,,,,,,,,,,,,,,,,,,,,,,,,,,
,,,,,,,,,,,,,,,,,,,,,,,,,,,,,,,,,,,,,,,,,,,,,,,,,,,,,,,,,,,,,,,,,,,,,,,,,,,,,,,,,,,,,,,,,,,,,,,,,,,,,,,
,,,,Treatment,,,,,,Yield Week 1,,Yield Week 2,,,Yield Week 2.5,,,,,,,,,,,,,,,,,,,,,,,,,,,,,,,,,,,,,,,,,,,,,,,,,,,,,,,,,,,,,,,,,,,,,,,,,,,,,,,,,,,,,,,,
,,ALAN,Warm,Warm ALAN,10237444,,20/6/22,y,,685,1,772,1,,730,,,,,,,,,,,,,,,,,,,,,,,,,,,,,,,,,,,,,,,,,,,,,,,,,,,,,,,,,,,,,,,,,,,,,,,,,,,,,,,,,,,,,,,,
,,ALAN,Ambient,Ambient ALAN,20061305,,20/6/22,y,,710,1,748,1,,760,,,,,,,,,,,,,,,,,,,,,,,,,,,,,,,,,,,,,,,,,,,,,,,,,,,,,,,,,,,,,,,,,,,,,,,,,,,,,,,,,,,,,,,,
,,ALAN ,Warm,Warm ALAN ,20061301,,20/6/22,y,,782,1,783,1,,769,,,,,,,,,,,,,,,,,,,,,,,,,,,,,,,,,,,,,,,,,,,,,,,,,,,,,,,,,,,,,,,,,,,,,,,,,,,,,,,,,,,,,,,,
,,ALAN,Ambient,Ambient ALAN,20061292,,20/6/22,y,,681,1,788,1,,780,,,,,,,,,,,,,,,,,,,,,,,,,,,,,,,,,,,,,,,,,,,,,,,,,,,,,,,,,,,,,,,,,,,,,,,,,,,,,,,,,,,,,,,,
,,Dark,Ambient,Ambient Dark,20061291,,20/6/22,y,,737,1,778,1,,777,,,,,,,,,,,,,,,,,,,,,,,,,,,,,,,,,,,,,,,,,,,,,,,,,,,,,,,,,,,,,,,,,,,,,,,,,,,,,,,,,,,,,,,,
,,Dark,Ambient,Ambient Dark,20043395,,20/6/22,y,,697,1,800,1,,807,,,,,,,,,,,,,,,,,,,,,,,,,,,,,,,,,,,,,,,,,,,,,,,,,,,,,,,,,,,,,,,,,,,,,,,,,,,,,,,,,,,,,,,,
,,Dark,Warm,Warm Dark,20011552,,20/6/22,y,,664,1,783,1,Some bleaching but <5%,701,,,,,,,,,,,,,,,,,,,,,,,,,,,,,,,,,,,,,,,,,,,,,,,,,,,,,,,,,,,,,,,,,,,,,,,,,,,,,,,,,,,,,,,,
,,Dark,Warm,Warm Dark,20061302,,20/6/22,y,,697,1,781,1,,785,,,,,,,,,,,,,,,,,,,,,,,,,,,,,,,,,,,,,,,,,,,,,,,,,,,,,,,,,,,,,,,,,,,,,,,,,,,,,,,,,,,,,,,,
,,,,,,,,,,,,,,,,,,,,,,,,,,,,,,,,,,,,,,,,,,,,,,,,,,,,,,,,,,,,,,,,,,,,,,,,,,,,,,,,,,,,,,,,,,,,,,,,,,,,,,,
,,,,,,,,,,,,,,,,,,,,,,,,,,,,,,,,,,,,,,,,,,,,,,,,,,,,,,,,,,,,,,,,,,,,,,,,,,,,,,,,,,,,,,,,,,,,,,,,,,,,,,,
,,,,,,,,,,,,,,,,,,,,,,,,,,,,,,,,,,,,,,,,,,,,,,,,,,,,,,,,,,,,,,,,,,,,,,,,,,,,,,,,,,,,,,,,,,,,,,,,,,,,,,,
,,,,,,,,,,,,,,,,,,,,,,,,,,,,,,,,,,,,,,,,,,,,,,,,,,,,,,,,,,,,,,,,,,,,,,,,,,,,,,,,,,,,,,,,,,,,,,,,,,,,,,,
,,,,,,,,,,,,,,,,,,,,,,,,,,,,,,,,,,,,,,,,,,,,,,,,,,,,,,,,,,,,,,,,,,,,,,,,,,,,,,,,,,,,,,,,,,,,,,,,,,,,,,,
,,,,,,,,,,,,,,,,,,,,,,,,,,,,,,,,,,,,,,,,,,,,,,,,,,,,,,,,,,,,,,,,,,,,,,,,,,,,,,,,,,,,,,,,,,,,,,,,,,,,,,,
,,,,,,,,,,,,,,,,,,,,,,,,,,,,,,,,,,,,,,,,,,,,,,,,,,,,,,,,,,,,,,,,,,,,,,,,,,,,,,,,,,,,,,,,,,,,,,,,,,,,,,,
,,,,,,,,,,,,,,,,,,,,,,,,,,,,,,,,,,,,,,,,,,,,,,,,,,,,,,,,,,,,,,,,,,,,,,,,,,,,,,,,,,,,,,,,,,,,,,,,,,,,,,,
,,,,,,,,,,,,,,,,,,,,,,,,,,,,,,,,,,,,,,,,,,,,,,,,,,,,,,,,,,,,,,,,,,,,,,,,,,,,,,,,,,,,,,,,,,,,,,,,,,,,,,,
,,,,,,,,,,,,,,,,,,,,,,,,,,,,,,,,,,,,,,,,,,,,,,,,,,,,,,,,,,,,,,,,,,,,,,,,,,,,,,,,,,,,,,,,,,,,,,,,,,,,,,,
,,,,,,,,,,,,,,,,,,,,,,,,,,,,,,,,,,,,,,,,,,,,,,,,,,,,,,,,,,,,,,,,,,,,,,,,,,,,,,,,,,,,,,,,,,,,,,,,,,,,,,,
,,,,,,,,,,,,,,,,,,,,,,,,,,,,,,,,,,,,,,,,,,,,,,,,,,,,,,,,,,,,,,,,,,,,,,,,,,,,,,,,,,,,,,,,,,,,,,,,,,,,,,,
,,,,,,,,,,,,,,,,,,,,,,,,,,,,,,,,,,,,,,,,,,,,,,,,,,,,,,,,,,,,,,,,,,,,,,,,,,,,,,,,,,,,,,,,,,,,,,,,,,,,,,,
,,,,,,,,,,,,,,,,,,,,,,,,,,,,,,,,,,,,,,,,,,,,,,,,,,,,,,,,,,,,,,,,,,,,,,,,,,,,,,,,,,,,,,,,,,,,,,,,,,,,,,,
,,,,,,,,,,,,,,,,,,,,,,,,,,,,,,,,,,,,,,,,,,,,,,,,,,,,,,,,,,,,,,,,,,,,,,,,,,,,,,,,,,,,,,,,,,,,,,,,,,,,,,,
,,,,,,,,,,,,,,,,,,,,,,,,,,,,,,,,,,,,,,,,,,,,,,,,,,,,,,,,,,,,,,,,,,,,,,,,,,,,,,,,,,,,,,,,,,,,,,,,,,,,,,,
,,,,,,,,,,,,,,,,,,,,,,,,,,,,,,,,,,,,,,,,,,,,,,,,,,,,,,,,,,,,,,,,,,,,,,,,,,,,,,,,,,,,,,,,,,,,,,,,,,,,,,,
,,,,,,,,,,,,,,,,,,,,,,,,,,,,,,,,,,,,,,,,,,,,,,,,,,,,,,,,,,,,,,,,,,,,,,,,,,,,,,,,,,,,,,,,,,,,,,,,,,,,,,,
,,,,,,,,,,,,,,,,,,,,,,,,,,,,,,,,,,,,,,,,,,,,,,,,,,,,,,,,,,,,,,,,,,,,,,,,,,,,,,,,,,,,,,,,,,,,,,,,,,,,,,,
,,,,,,,,,,,,,,,,,,,,,,,,,,,,,,,,,,,,,,,,,,,,,,,,,,,,,,,,,,,,,,,,,,,,,,,,,,,,,,,,,,,,,,,,,,,,,,,,,,,,,,,
,,,,,,,,,,,,,,,,,,,,,,,,,,,,,,,,,,,,,,,,,,,,,,,,,,,,,,,,,,,,,,,,,,,,,,,,,,,,,,,,,,,,,,,,,,,,,,,,,,,,,,,
,,,,,,,,,,,,,,,,,,,,,,,,,,,,,,,,,,,,,,,,,,,,,,,,,,,,,,,,,,,,,,,,,,,,,,,,,,,,,,,,,,,,,,,,,,,,,,,,,,,,,,,
,,,,,,,,,,,,,,,,,,,,,,,,,,,,,,,,,,,,,,,,,,,,,,,,,,,,,,,,,,,,,,,,,,,,,,,,,,,,,,,,,,,,,,,,,,,,,,,,,,,,,,,
,,,,,,,,,,,,,,,,,,,,,,,,,,,,,,,,,,,,,,,,,,,,,,,,,,,,,,,,,,,,,,,,,,,,,,,,,,,,,,,,,,,,,,,,,,,,,,,,,,,,,,,
,,,,,,,,,,,,,,,,,,,,,,,,,,,,,,,,,,,,,,,,,,,,,,,,,,,,,,,,,,,,,,,,,,,,,,,,,,,,,,,,,,,,,,,,,,,,,,,,,,,,,,,
,,,,,,,,,,,,,,,,,,,,,,,,,,,,,,,,,,,,,,,,,,,,,,,,,,,,,,,,,,,,,,,,,,,,,,,,,,,,,,,,,,,,,,,,,,,,,,,,,,,,,,,
,,,,,,,,,,,,,,,,,,,,,,,,,,,,,,,,,,,,,,,,,,,,,,,,,,,,,,,,,,,,,,,,,,,,,,,,,,,,,,,,,,,,,,,,,,,,,,,,,,,,,,,
,,,,,,,,,,,,,,,,,,,,,,,,,,,,,,,,,,,,,,,,,,,,,,,,,,,,,,,,,,,,,,,,,,,,,,,,,,,,,,,,,,,,,,,,,,,,,,,,,,,,,,,
,,,,,,,,,,,,,,,,,,,,,,,,,,,,,,,,,,,,,,,,,,,,,,,,,,,,,,,,,,,,,,,,,,,,,,,,,,,,,,,,,,,,,,,,,,,,,,,,,,,,,,,
,,,,,,,,,,,,,,,,,,,,,,,,,,,,,,,,,,,,,,,,,,,,,,,,,,,,,,,,,,,,,,,,,,,,,,,,,,,,,,,,,,,,,,,,,,,,,,,,,,,,,,,
,,,,,,,,,,,,,,,,,,,,,,,,,,,,,,,,,,,,,,,,,,,,,,,,,,,,,,,,,,,,,,,,,,,,,,,,,,,,,,,,,,,,,,,,,,,,,,,,,,,,,,,
,,,,,,,,,,,,,,,,,,,,,,,,,,,,,,,,,,,,,,,,,,,,,,,,,,,,,,,,,,,,,,,,,,,,,,,,,,,,,,,,,,,,,,,,,,,,,,,,,,,,,,,
,,,,,,,,,,,,,,,,,,,,,,,,,,,,,,,,,,,,,,,,,,,,,,,,,,,,,,,,,,,,,,,,,,,,,,,,,,,,,,,,,,,,,,,,,,,,,,,,,,,,,,,
,,,,,,,,,,,,,,,,,,,,,,,,,,,,,,,,,,,,,,,,,,,,,,,,,,,,,,,,,,,,,,,,,,,,,,,,,,,,,,,,,,,,,,,,,,,,,,,,,,,,,,,
,,,,,,,,,,,,,,,,,,,,,,,,,,,,,,,,,,,,,,,,,,,,,,,,,,,,,,,,,,,,,,,,,,,,,,,,,,,,,,,,,,,,,,,,,,,,,,,,,,,,,,,
,,,,,,,,,,,,,,,,,,,,,,,,,,,,,,,,,,,,,,,,,,,,,,,,,,,,,,,,,,,,,,,,,,,,,,,,,,,,,,,,,,,,,,,,,,,,,,,,,,,,,,,
,,,,,,,,,,,,,,,,,,,,,,,,,,,,,,,,,,,,,,,,,,,,,,,,,,,,,,,,,,,,,,,,,,,,,,,,,,,,,,,,,,,,,,,,,,,,,,,,,,,,,,,
,,,,,Treatment ,,,,,,,,,,,,,Consumption Day 1,,,,Consumption Day 2,,,,,,,,,,,,,Consumption Day 3,,,,,,,,,,,,,,,,,,,,,,,,,,,,,,,,,,,,,,,,,,,,,,,,,,,,,,,,,,,,,,,,,,,,
A1,Centro,ALAN,Warm,Normal,ALAN Warm Normal,20/6/22,GoPro2,4.30pm,4.30pm,23/6/22,GoPro2,5:00 pm,3.50pm,7.6,13.03,13.03,7.6,0,6.3,11.08,6.3,0,27/6/22,GoProA3,Monday 27th June,11.45am,,GoProA3,,,10.4,12.11,12.4,8,2.4,10.4,1.56,7.6,2.8,,,,,,,,,,,,,,,,,,,,,,,,,,,,,,,,,,,,,,,,,,,,,,,,,,,,,,,,,,,,,,,,
A2,Centro,ALAN,Ambient,Normal,ALAN Ambient Normal,20/6/22,GoPro2,4.30pm,4.30pm,23/6/22,GoPro2,5:00 pm,3.50pm,6.9,13.04,13.04,6.6,0.3,7.1,11.09,2.4,4.7,27/6/22,GoProA3,Monday 27th June,11.45am,,GoProA3,,,9.5,12.12,12.41,9.3,0.2,11.5,1.54,10.1,1.4,,,,,,,,,,,,,,,,,,,,,,,,,,,,,,,,,,,,,,,,,,,,,,,,,,,,,,,,,,,,,,,,
A3,Centro,ALAN,Warm,Treated,ALAN Warm Treated,20/6/22,GoPro4,4.30pm,4.30pm,23/6/22,GoPro4,5:00 pm,3.50pm,8.5,13.29,13.29,8.3,0.2,6.4,11.3,6.4,0,27/6/22,OSMO F,Monday 27th June,11.45am,,OSMO F,,,13.2,12.32,1.07,12.8,0.4,10.7,2.49,8.8,1.9,,,,,,,,,,,,,,,,,,,,,,,,,,,,,,,,,,,,,,,,,,,,,,,,,,,,,,,,,,,,,,,,
A4,Centro,ALAN,Ambient,Normal,ALAN Ambient Normal,20/6/22,GoPro4,4.30pm,4.30pm,23/6/22,GoPro4,5:00 pm,3.50pm,6.9,13.05,13.05,4.2,2.7,7.1,11.1,1.5,5.6,27/6/22,OSMO F,Monday 27th June,11.45am,,OSMO F,,,9,12.13,12.42,8.3,0.7,11.1,1.53,7.9,3.2,,,,,,,,,,,,,,,,,,,,,,,,,,,,,,,,,,,,,,,,,,,,,,,,,,,,,,,,,,,,,,,,
B1,Centro,Dark,Warm,Treated,Dark Warm Treated,20/6/22,Bodycam1,4.30pm,4.30pm,23/6/22,Bodycam9,5:00 pm,3.50pm,6.6,13.3,13.3,6.6,0,6.5,11.33,6.5,0,27/6/22,Bodycam10/OSMO J both recorded whole time,Monday 27th June,11.45am,,Bodycam10/OSMO J,,,10.9,12.46,1.08,7.3,3.6,10.3,2.56,10.2,0.1,,,,,,,,,,,,,,,,,,,,,,,,,,,,,,,,,,,,,,,,,,,,,,,,,,,,,,,,,,,,,,,,
B2,Centro,Dark,Warm,Normal,Dark Warm Normal,20/6/22,Bodycam1,4.30pm,4.30pm,23/6/22,Bodycam9,5:00 pm,3.50pm,6.3,13.06,13.06,0,6.3,6.9,11.11,5.9,1,27/6/22,Bodycam10/OSMO J both recorded whole time,Monday 27th June,11.45am,,Bodycam10/OSMO J,,,12.2,12.14,12.43,10.4,1.8,10.2,1.51,8,2.2,,,,,,,,,,,,,,,,,,,,,,,,,,,,,,,,,,,,,,,,,,,,,,,,,,,,,,,,,,,,,,,,
B3,Centro,Dark,Ambient,Normal,Dark Ambient Normal,20/6/22,Bodycam2,4.30pm,4.30pm,23/6/22,Bodycam10,5:00 pm,3.50pm,6.4,13.06,13.06,6.4,0,6.6,11.13,1.3,5.3,27/6/22,Bodycam 3/OSMO K (BOTH FAILED),Monday 27th June,11.45am,,Bodycam 3/OSMO K ,,,15.4,12.15,12.44,15.4,0,10.7,1.49,10.7,0,,,,,,,,,,,,,,,,,,,,,,,,,,,,,,,,,,,,,,,,,,,,,,,,,,,,,,,,,,,,,,,,
B4,Centro,Dark,Ambient,Normal,Dark Ambient Normal,20/6/22,Bodycam2,4.30pm,4.30pm,23/6/22,Bodycam10,5:00 pm,3.50pm,8.8,13.07,13.07,8.8,0,7.2,11.14,7.2,0,27/6/22,Bodycam 3/OSMO K (BOTH FAILED),Monday 27th June,11.45am,,Bodycam 3/OSMO K ,,,11.11,12.16,12.45,9.2,1.91,9.3,1.46,6.2,3.1,,,,,,,,,,,,,,,,,,,,,,,,,,,,,,,,,,,,,,,,,,,,,,,,,,,,,,,,,,,,,,,,
C1,Centro,Dark,Ambient,Normal,Dark Ambient Normal,20/6/22,Bodycam3,4.30pm,4.30pm,23/6/22,Bodycam1,5:00 pm,3.50pm,8.2,13.08,13.08,8.2,0,6.1,11.15,4.3,1.8,27/6/22,Bodycam5 (recorded to 1.52am) /OSMO A,Monday 27th June,11.45am,,Bodycam5  /OSMO A,,,10.4,12.17,12.46,9.5,0.9,9.9,1.45,8.1,1.8,,,,,,,,,,,,,,,,,,,,,,,,,,,,,,,,,,,,,,,,,,,,,,,,,,,,,,,,,,,,,,,,
C2,Centro,Dark,Ambient,Normal,Dark Ambient Normal,20/6/22,Bodycam3,4.30pm,4.30pm,23/6/22,Bodycam1,5:00 pm,3.50pm,7.2,13.08,13.08,5.1,2.1,6.2,11.16,2.7,3.5,27/6/22,Bodycam5 ((recorded to 1.52am) /OSMO A,Monday 27th June,11.45am,,Bodycam5  /OSMO A,,,11.4,12.19,12.47,9.4,2,10.6,1.43,7.6,3,,,,,,,,,,,,,,,,,,,,,,,,,,,,,,,,,,,,,,,,,,,,,,,,,,,,,,,,,,,,,,,,
C3,Centro,Dark,Warm,Treated,Dark Warm Treated,20/6/22,Bodycam4,4.30pm,4.30pm,23/6/22,Bodycam2,5:00 pm,3.50pm,6.2,13.31,13.31,0.8,5.4,7.5,11.35,3.7,3.8,27/6/22,Bodycam9/OSMO E (failed). Bodycam 9 failed at 6.49pm,Monday 27th June,11.45am,,Bodycam9/OSMO E ,,,9.8,12.46,1.09,8.7,1.1,11,2.58,7.7,3.3,,,,,,,,,,,,,,,,,,,,,,,,,,,,,,,,,,,,,,,,,,,,,,,,,,,,,,,,,,,,,,,,
C4,Centro,Dark,Warm,Normal,Dark Warm Normal,20/6/22,Bodycam4,4.30pm,4.30pm,23/6/22,Bodycam2,5:00 pm,3.50pm,7,13.09,13.09,7,0,7.8,11.17,5.3,2.5,27/6/22,Bodycam9/OSMO E (failed). Bodycam 9 failed at 6.49pm,Monday 27th June,11.45am,,Bodycam9/OSMO E ,,,10.5,12.21,12.48,8.5,2,11.2,1.42,9.5,1.7,,,,,,,,,,,,,,,,,,,,,,,,,,,,,,,,,,,,,,,,,,,,,,,,,,,,,,,,,,,,,,,,
D1,Centro,ALAN,Ambient,Treated,ALAN Ambient Treated,20/6/22,GoPro8,4.30pm,4.30pm,23/6/22,OSMOA,5:00 pm,3.50pm,5.9,13.33,13.33,1.8,4.1,7.1,11.39,1.6,5.5,27/6/22,GoPro A5,Monday 27th June,11.45am,,GoPro A5,,,9.8,12.37,1.1,8,1.8,13.4,2.53,11.9,1.5,,,,,,,,,,,,,,,,,,,,,,,,,,,,,,,,,,,,,,,,,,,,,,,,,,,,,,,,,,,,,,,,
D2,Centro,ALAN,Warm,Treated,ALAN Warm Treated,20/6/22,GoPro8,4.30pm,4.30pm,23/6/22,OSMOA,5:00 pm,3.50pm,6.7,13.34,13.34,6.7,0,7.4,11.41,1.7,5.7,27/6/22,GoPro A5,Monday 27th June,11.45am,,GoPro A5,,,12.8,12.33,1.11,12.7,0.1,8.2,2.49,7,1.2,,,,,,,,,,,,,,,,,,,,,,,,,,,,,,,,,,,,,,,,,,,,,,,,,,,,,,,,,,,,,,,,
D3,Centro,ALAN,Warm,Normal,ALAN Warm Normal,20/6/22,GoPro7,4.30pm,4.30pm,23/6/22,GoPro7,5:00 pm,3.50pm,7.6,13.1,13.1,5.9,1.7,6.5,11.2,3,3.5,27/6/22,GoPro A4,Monday 27th June,11.45am,,GoPro A4,,,14.7,12.21,12.49,14.7,0,11.8,1.4,9.6,2.2,,,,,,,,,,,,,,,,,,,,,,,,,,,,,,,,,,,,,,,,,,,,,,,,,,,,,,,,,,,,,,,,
D4,Centro,ALAN,Ambient,Normal,ALAN Ambient Normal,20/6/22,GoPro7,4.30pm,4.30pm,23/6/22,GoPro7,5:00 pm,3.50pm,7.4,13.11,13.11,3.8,3.6,7,11.2,2.8,4.2,27/6/22,GoPro A4,Monday 27th June,11.45am,,GoPro A4,,,10.7,12.22,12.5,10.7,0,10.6,1.38,9.7,0.9,,,,,,,,,,,,,,,,,,,,,,,,,,,,,,,,,,,,,,,,,,,,,,,,,,,,,,,,,,,,,,,,
E1,Centro,Dark,Warm,Normal,Dark Warm Normal,20/6/22,Bodycam5,4.30pm,4.30pm,23/6/22,Bodycam4 * OSMO E was connected to a power board that failed but bodycam kept recording,5:00 pm,3.50pm,6.3,13.12,13.12,6.3,0,7.4,11.22,4.5,2.9,27/6/22,Bodycam1/OSMO T (both failed),Monday 27th June,11.45am,,Bodycam1/OSMO T ,,,10.5,12.23,12.52,10.5,0,11.4,1.36,10.3,1.1,,,,,,,,,,,,,,,,,,,,,,,,,,,,,,,,,,,,,,,,,,,,,,,,,,,,,,,,,,,,,,,,
E2,Centro,Dark,Ambient,Treated,Dark Ambient Treated,20/6/22,Bodycam5,4.30pm,4.30pm,23/6/22,Bodycam4 * OSMO E was connected to a power board that failed but bodycam kept recording,5:00 pm,3.50pm,7.3,13.36,13.36,5.5,1.8,6.8,11.45,3.1,3.7,27/6/22,Bodycam1/OSMO T (both failed),Monday 27th June,11.45am,,Bodycam1/OSMO T ,,,10,12.41,1.12,9.1,0.9,11.8,3.03,9.2,2.6,,,,,,,,,,,,,,,,,,,,,,,,,,,,,,,,,,,,,,,,,,,,,,,,,,,,,,,,,,,,,,,,
E3,Centro,Dark,Ambient,Normal,Dark Ambient Normal,20/6/22,Bodycam6,4.30pm,4.30pm,23/6/22,Bodycam6,5:00 pm,3.50pm,6.3,13.13,13.13,0,6.3,6.7,11.22,2.7,4,27/6/22,Bodycam2/OSMO D (recorded to 1.56am),Monday 27th June,11.45am,,Bodycam6/OSMO D,,,10.7,12.25,12.55,10.7,0,9.8,1.35,9.3,0.5,,,,,,,,,,,,,,,,,,,,,,,,,,,,,,,,,,,,,,,,,,,,,,,,,,,,,,,,,,,,,,,,
E4,Centro,Dark,Warm,Treated,Dark Warm Treated,20/6/22,Bodycam6,4.30pm,4.30pm,23/6/22,Bodycam6,5:00 pm,3.50pm,7,13.37,13.37,2.5,4.5,6.2,11.46,4.1,2.1,27/6/22,Bodycam2/OSMO D  (recorded to 1.56am),Monday 27th June,11.45am,,Bodycam6/OSMO D,,,11.5,12.47,1.13,9.2,2.3,11,2.59,10.1,0.9,,,,,,,,,,,,,,,,,,,,,,,,,,,,,,,,,,,,,,,,,,,,,,,,,,,,,,,,,,,,,,,,
F1,Centro,ALAN,Ambient,Normal,ALAN Ambient Normal,20/6/22,Bodycam9,4.30pm,4.30pm,23/6/22,OSMO,5:00 pm,3.50pm,6.4,13.14,13.14,4.5,1.9,7.7,11.24,1.9,5.8,27/6/22,OSMO R (failed),Monday 27th June,11.45am,,OSMO R ,,,12.8,12.25,1,11.6,1.2,10.9,1.34,9.5,1.4,,,,,,,,,,,,,,,,,,,,,,,,,,,,,,,,,,,,,,,,,,,,,,,,,,,,,,,,,,,,,,,,
F2,Centro,ALAN,Warm,Treated,ALAN Warm Treated,20/6/22,Bodycam9,4.30pm,4.30pm,23/6/22,OSMO,5:00 pm,3.50pm,8.7,13.38,13.38,4,4.7,7.9,11.49,0,7.9,27/6/22,OSMO R (failed),Monday 27th June,11.45am,,OSMO R ,,,10,12.34,1.14,3.9,6.1,11.3,2.51,8.9,2.4,,,,,,,,,,,,,,,,,,,,,,,,,,,,,,,,,,,,,,,,,,,,,,,,,,,,,,,,,,,,,,,,
F3,Centro,ALAN,Ambient,Normal,ALAN Ambient Normal,20/6/22,BodyCam7,4.30pm,4.30pm,23/6/22,OSMO,5:00 pm,3.50pm,8.1,13.14,13.14,8.1,0,7.3,11.25,5.2,2.1,27/6/22,OSMO M,Monday 27th June,11.45am,,OSMO M,,,10.1,12.26,1.01,5.9,4.2,12.3,1.31,12.2,0.1,,,,,,,,,,,,,,,,,,,,,,,,,,,,,,,,,,,,,,,,,,,,,,,,,,,,,,,,,,,,,,,,
F4,Centro,ALAN,Warm,Normal,ALAN Warm Normal,20/6/22,Bodycam7,4.30pm,4.30pm,23/6/22,OSMO,5:00 pm,3.50pm,6.5,13.15,13.15,4.1,2.4,6.9,11.27,0,6.9,27/6/22,OSMO M,Monday 27th June,11.45am,,OSMO M,,,10.3,12.27,1.02,5.5,4.8,10.9,1.3,8.9,2,,,,,,,,,,,,,,,,,,,,,,,,,,,,,,,,,,,,,,,,,,,,,,,,,,,,,,,,,,,,,,,,
G1,Centro,Dark,Warm,Normal,Dark Warm Normal,21/6/22,Bodycam3,6:00 pm,6:00 pm,24/6/22,Bodycam3/OSMO M,5.30pm,1:00 pm,6.5,6.43,3:22,6.3,0.2,10.2,11.44,9.7,0.5,27/6/22,Bodycam6/GoPro8/GoProA2,Wednesday 29th June 12/30,12.50pm,,Bodycam6/GoPro8,,,8.5,9.51,10.56,6.4,2.1,9.7,2.23,,9.7,,,,,,,,,,,,,,,,,,,,,,,,,,,,,,,,,,,,,,,,,,,,,,,,,,,,,,,,,,,,,,,,
G2,Centro,Dark,Ambient,Treated,Dark Ambient Treated,21/6/22,Bodycam3,6:00 pm,6:00 pm,24/6/22,Bodycam3/OSMO M,5.30pm,1:00 pm,7.4,7.2,3:22,7.4,0,10.3,12.43,5.2,5.1,27/6/22,Bodycam6/GoPro8/GoProA2,Wednesday 29th June 12/30,12.50pm,,Bodycam6/GOPro8,,,8.2,10.22,11.3,8.1,0.1,14,1.43,,14,,,,,,,,,,,,,,,,,,,,,,,,,,,,,,,,,,,,,,,,,,,,,,,,,,,,,,,,,,,,,,,,
G3,Centro,Dark,Warm,Normal,Dark Warm Normal,21/6/22,Bodycam4,6:00 pm,6:00 pm,24/6/22,Bodycam4/OSMOD,5.30pm,1:00 pm,7.8,6.44,3:28,7.8,0,10.3,11.46,10,0.3,29/6/22,Bodycam10/OSMOD,Wednesday 29th June 12/30,12.50pm,,Bodycam10/OSMOD,,,9.8,9.52,11.02,9.8,0,9.9,2.24,,9.9,,,,,,,,,,,,,,,,,,,,,,,,,,,,,,,,,,,,,,,,,,,,,,,,,,,,,,,,,,,,,,,,
G4,Centro,Dark,Ambient,Normal,Dark Ambient Normal,21/6/22,Bodycam4,6:00 pm,6:00 pm,24/6/22,Bodycam4/OSMOD,5.30pm,1:00 pm,7.4,6.44,3:28,7.3,0.1,10.4,11.48,3.2,7.2,29/6/22,Bodycam10/OSMOD,Wednesday 29th June 12/30,12.50pm,,Bodycam10/OSMOD,,,9.3,9.53,11.03,4.4,4.9,12.2,2.26,,12.2,,,,,,,,,,,,,,,,,,,,,,,,,,,,,,,,,,,,,,,,,,,,,,,,,,,,,,,,,,,,,,,,
H1,Centro,Dark,Ambient,Normal,Dark Ambient Normal,21/6/22,Bodycam5,6:00 pm,6:00 pm,24/6/22,Bodycam5/OSMO J,5.30pm,1:00 pm,10.3,6.45,3.36,9.2,1.1,9.8,11.51,7.8,2,29/6/22,Bodycam5/OSMO J,Wednesday 29th June 12/30,12.50pm,,Bodycam5/OSMO J,,,10.1,9.54,11.04,7.5,2.6,12.1,2.28,,12.1,,,,,,,,,,,,,,,,,,,,,,,,,,,,,,,,,,,,,,,,,,,,,,,,,,,,,,,,,,,,,,,,
H2,Centro,Dark,Ambient,Treated,Dark Ambient Treated,21/6/22,Bodycam5,6:00 pm,6:00 pm,24/6/22,Bodycam5/OSMO J,5.30pm,1:00 pm,7.7,6.46,3.36,7.7,0,10.9,12.44,5.6,5.3,29/6/22,Bodycam5/OSMO J,Wednesday 29th June 12/30,12.50pm,,Bodycam5/OSMO J,,,10,10.24,11.05,5.2,4.8,12,1.44,,12,,,,,,,,,,,,,,,,,,,,,,,,,,,,,,,,,,,,,,,,,,,,,,,,,,,,,,,,,,,,,,,,
H3,Centro,Dark,Warm,Normal,Dark Warm Normal,21/6/22,Bodycam6,6:00 pm,6:00 pm,24/6/22,Bodycam6/OSMO T,5.30pm,1:00 pm,6.4,6.47,3.38,3.3,3.1,10,11.51,5.4,4.6,29/6/22,Bodycam3/OSMO T,Wednesday 29th June 12/30,12.50pm,,Bodycam3/OSMO T,,,8.7,9.55,11.06,1.4,7.3,13.5,2.31,,13.5,,,,,,,,,,,,,,,,,,,,,,,,,,,,,,,,,,,,,,,,,,,,,,,,,,,,,,,,,,,,,,,,
H4,Centro,Dark,Warm,Normal,Dark Warm Normal,21/6/22,Bodycam6,6:00 pm,6:00 pm,24/6/22,Bodycam6/OSMO T,5.30pm,1:00 pm,6.4,7.23,3.4,4,2.4,10.9,11.55,5,5.9,29/6/22,Bodycam3/OSMO T,Wednesday 29th June 12/30,12.50pm,,Bodycam3/OSMO T,,,8,9.56,11.07,4.6,3.4,10.2,2.33,,10.2,,,,,,,,,,,,,,,,,,,,,,,,,,,,,,,,,,,,,,,,,,,,,,,,,,,,,,,,,,,,,,,,
I1,Centro,ALAN,Warm,Normal,ALAN Warm Normal,21/6/22,GoProA2,6:00 pm,6:00 pm,24/6/22,GoProA2,5.30pm,1:00 pm,7.5,6.5,3.41,0,7.5,9.7,11.57,5.1,4.6,29/6/22,OSMO M,Wednesday 29th June 12/30,12.50pm,,OSMO M,,,10,9.58,11.08,7,3,9.2,2.34,,9.2,,,,,,,,,,,,,,,,,,,,,,,,,,,,,,,,,,,,,,,,,,,,,,,,,,,,,,,,,,,,,,,,
I2,Centro,ALAN,Warm,Normal,ALAN Warm Normal,21/6/22,GoProA2,6:00 pm,6:00 pm,24/6/22,GoProA2,5.30pm,1:00 pm,5.1,7.3,3.41,5.1,0,10.4,12:00 pm,10.3,0.1,29/6/22,OSMO M,Wednesday 29th June 12/30,12.50pm,,OSMO M,,,9.9,9.58,11.09,6,3.9,9.5,2.36,,9.5,,,,,,,,,,,,,,,,,,,,,,,,,,,,,,,,,,,,,,,,,,,,,,,,,,,,,,,,,,,,,,,,
I3,Centro,ALAN,Ambient,Treated,ALAN Ambient Treated,21/6/22,GoPro8,6:00 pm,6:00 pm,24/6/22,GoPro8,5.30pm,1:00 pm,8.5,6.55,3.44,7.3,1.2,11.9,12.49,11.5,0.4,29/6/22,OSMO E,Wednesday 29th June 12/30,12.50pm,,OSMO E,,,11.6,10.17,11.1,10.5,1.1,12.4,1.52,,12.4,,,,,,,,,,,,,,,,,,,,,,,,,,,,,,,,,,,,,,,,,,,,,,,,,,,,,,,,,,,,,,,,
I4,Centro,ALAN,Ambient,Normal,ALAN Ambient Normal,21/6/22,GoPro8,6:00 pm,6:00 pm,24/6/22,GoPro8,5.30pm,1:00 pm,8.6,6.55,3.45,1.7,6.9,11.9,12.01,3.6,8.3,29/6/22,OSMO E,Wednesday 29th June 12/30,12.50pm,,OSMO E,,,9.3,9.59,11.11,2,7.3,10.8,2.38,,10.8,,,,,,,,,,,,,,,,,,,,,,,,,,,,,,,,,,,,,,,,,,,,,,,,,,,,,,,,,,,,,,,,
J1,Centro,ALAN,Ambient,Normal,ALAN Ambient Normal,21/6/22,GoPro2,6:00 pm,6:00 pm,24/6/22,GoPro2,5.30pm,1:00 pm,6.1,6.55,2:52,6.1,0,9.4,12.04,5.5,3.9,29/6/22,GoPro2,Wednesday 29th June 12/30,12.50pm,,GoPro2,,,9,10,11.12,8.6,0.4,10.2,2.4,,10.2,,,,,,,,,,,,,,,,,,,,,,,,,,,,,,,,,,,,,,,,,,,,,,,,,,,,,,,,,,,,,,,,
J2,Centro,ALAN,Ambient,Treated,ALAN Ambient Treated,21/6/22,GoPro2,6:00 pm,6:00 pm,24/6/22,GoPro2,5.30pm,1:00 pm,5.9,7.3,2:52,4.8,1.1,10.6,12.49,5,5.6,29/6/22,GoPro2,Wednesday 29th June 12/30,12.50pm,,GoPro2,,,9.6,10.18,11.13,6.5,3.1,11.7,1.53,,11.7,,,,,,,,,,,,,,,,,,,,,,,,,,,,,,,,,,,,,,,,,,,,,,,,,,,,,,,,,,,,,,,,
J3,Centro,ALAN,Warm,Normal,ALAN Warm Normal,21/6/22,GoPro4,6:00 pm,6:00 pm,24/6/22,GoPro4,5.30pm,1:00 pm,9.1,1900,2:55,0.6,8.5,10.9,12.07,10.9,0,29/6/22,GoPro4,Wednesday 29th June 12/30,12.50pm,,GoPro4,,,8.7,10.01,11.14,8.7,0,12.8,2.42,,12.8,,,,,,,,,,,,,,,,,,,,,,,,,,,,,,,,,,,,,,,,,,,,,,,,,,,,,,,,,,,,,,,,
J4,Centro,ALAN,Warm,Normal,ALAN Warm Normal,21/6/22,GoPro4,6:00 pm,6:00 pm,24/6/22,GoPro4,5.30pm,1:00 pm,10.5,1900,2:55,10.5,0,10.4,12.08,5.9,4.5,29/6/22,GoPro4,Wednesday 29th June 12/30,12.50pm,,GoPro4,,,9.4,10.03,11.15,8.7,0.7,10.9,2.43,,10.9,,,,,,,,,,,,,,,,,,,,,,,,,,,,,,,,,,,,,,,,,,,,,,,,,,,,,,,,,,,,,,,,
K1,Centro,Dark,Warm,Normal,Dark Warm Normal,21/6/22,Bodycam1,6:00 pm,6:00 pm,24/6/22,Bodycam1/OSMO K,5.30pm,1:00 pm,6.8,1900,2:56,0.9,5.9,10.8,12.12,4.2,6.6,29/6/22,Bodycam1/OSMO K,Wednesday 29th June 12/30,12.50pm,,Bodycam1/OSMO K,,,8.4,10.04,11.16,7.5,0.9,11.2,2.46,,11.2,,,,,,,,,,,,,,,,,,,,,,,,,,,,,,,,,,,,,,,,,,,,,,,,,,,,,,,,,,,,,,,,
K2,Centro,Dark,Ambient,Normal,Dark Ambient Normal,21/6/22,Bodycam1,6:00 pm,6:00 pm,24/6/22,Bodycam1/OSMO K,5.30pm,1:00 pm,9.9,1900,2:56,6.7,3.2,11.4,12.14,6.3,5.1,29/6/22,Bodycam1/OSMO K,Wednesday 29th June 12/30,12.50pm,,Bodycam1/OSMO K,,,9.8,10.05,11.17,9.8,0,9.5,2.46,,9.5,,,,,,,,,,,,,,,,,,,,,,,,,,,,,,,,,,,,,,,,,,,,,,,,,,,,,,,,,,,,,,,,
K3,Centro,Dark,Warm,Treated,Dark Warm Treated,21/6/22,Bodycam2,6:00 pm,6:00 pm,24/6/22,Bodycam2/OSMO A,5.30pm,1:00 pm,9.4,7.34,2:58,8.4,1,9.2,12.54,8.4,0.8,29/6/22,Bodycam2/OSMO A,Wednesday 29th June 12/30,12.50pm,,Bodycam2/OSMO A,,,9.5,10.27,11.18,9,0.5,9.9,1.58,,9.9,,,,,,,,,,,,,,,,,,,,,,,,,,,,,,,,,,,,,,,,,,,,,,,,,,,,,,,,,,,,,,,,
K4,Centro,Dark,Ambient,Normal,Dark Ambient Normal,21/6/22,Bodycam2,6:00 pm,6:00 pm,24/6/22,Bodycam2/OSMO A,5.30pm,1:00 pm,7.5,7:00 pm,2:58,3.9,3.6,10.2,12.15,10.2,0,29/6/22,Bodycam2/OSMO A,Wednesday 29th June 12/30,12.50pm,,Bodycam2/OSMO A,,,9.8,10.07,11.19,6.8,3,10.8,2.47,,10.8,,,,,,,,,,,,,,,,,,,,,,,,,,,,,,,,,,,,,,,,,,,,,,,,,,,,,,,,,,,,,,,,
L1,Centro,ALAN,Warm,Treated,ALAN Warm Treated,21/6/22,GoPro1,6:00 pm,6:00 pm,24/6/22,GoPro1,5.30pm,1:00 pm,10.1,7.34,3:00,9.6,0.5,11.5,12.57,11.3,0.2,29/6/22,GoPro1,Wednesday 29th June 12/30,12.50pm,,GoPro1,,,10.5,10.14,11.2,10.3,0.2,8.8,1.59,,8.8,,,,,,,,,,,,,,,,,,,,,,,,,,,,,,,,,,,,,,,,,,,,,,,,,,,,,,,,,,,,,,,,
L2,Centro,ALAN,Ambient,Normal,ALAN Ambient Normal,21/6/22,GoPro1,6:00 pm,6:00 pm,24/6/22,GoPro1,5.30pm,1:00 pm,9.8,7:00 pm,3:00,7.9,1.9,10.8,12.16,7.2,3.6,29/6/22,GoPro1,Wednesday 29th June 12/30,12.50pm,,GoPro1,,,9.2,10.09,11.21,6.9,2.3,10.8,2.48,,10.8,,,,,,,,,,,,,,,,,,,,,,,,,,,,,,,,,,,,,,,,,,,,,,,,,,,,,,,,,,,,,,,,
L3,Centro,ALAN,Ambient,Treated,ALAN Ambient Treated,21/6/22,GoPro7,6:00 pm,6:00 pm,24/6/22,GoPro7,5.30pm,1:00 pm,4.6,7.3,3:03,4.6,0,11.6,12.51,11.5,0.1,29/6/22,GoPro7,Wednesday 29th June 12/30,12.50pm,,GoPro7,,,9.1,10.18,11.22,8.9,0.2,16.9,1.55,,16.9,,,,,,,,,,,,,,,,,,,,,,,,,,,,,,,,,,,,,,,,,,,,,,,,,,,,,,,,,,,,,,,,
L4,Centro,ALAN,Warm,Normal,ALAN Warm Normal,21/6/22,GoPro7,6:00 pm,6:00 pm,24/6/22,GoPro7,5.30pm,1:00 pm,7.6,1906,3:03,2.4,5.2,12,12.19,9.5,2.5,29/6/22,GoPro7,Wednesday 29th June 12/30,12.50pm,,GoPro7,,,9.6,10.1,11.23,7.3,2.3,11.6,2.49,,11.6,,,,,,,,,,,,,,,,,,,,,,,,,,,,,,,,,,,,,,,,,,,,,,,,,,,,,,,,,,,,,,,,
M1,Centro,Dark,Warm,Normal,Dark Warm Normal,21/6/22,Bodycam7,6:00 pm,6:00 pm,24/6/22,Bodycam7/OSMO E,5.30pm,1:00 pm,6.5,1906,3:05,2.4,4.1,10.4,12.2,1.1,9.3,27/6/22,Bodycam6/GOProA2,Monday 27th June,11.45am,,Bodycam6/GOProA2,,,10,12.27,1.04,7,3,10,1.29,8.3,1.7,,,,,,,,,,,,,,,,,,,,,,,,,,,,,,,,,,,,,,,,,,,,,,,,,,,,,,,,,,,,,,,,
M2,Centro,Dark,Warm,Normal,Dark Warm Normal,21/6/22,Bodycam7,6:00 pm,6:00 pm,24/6/22,Bodycam7/OSMO E,5.30pm,1:00 pm,8.3,1906,3:05,8,0.3,11.09,12.22,4.5,6.59,27/6/22,Bodycam6/GOProA2,Monday 27th June,11.45am,,Bodycam6/GOProA2,,,10.8,12.28,1.04,10.8,0,14,1.29,7.9,6.1,,,,,,,,,,,,,,,,,,,,,,,,,,,,,,,,,,,,,,,,,,,,,,,,,,,,,,,,,,,,,,,,
M3,Centro,Dark,Ambient,Normal,Dark Ambient Normal,21/6/22,Bodycam9,6:00 pm,6:00 pm,24/6/22,Bodycam9/OSMO F,5.30pm,1:00 pm,6.5,1906,3:09,0,6.5,10.9,12.23,3.1,7.8,29/6/22,Bodycam9/OSMO F,Wednesday 29th June 12/30,12.50pm,,Bodycam9/OSMO F,,,8.6,10.12,11.31,1.5,7.1,9,2.52,,9,,,,,,,,,,,,,,,,,,,,,,,,,,,,,,,,,,,,,,,,,,,,,,,,,,,,,,,,,,,,,,,,
M4,Centro,Dark,Ambient,Treated,Dark Ambient Treated,21/6/22,Bodycam9,6:00 pm,6:00 pm,24/6/22,Bodycam9/OSMO F,5.30pm,1:00 pm,10,7.25,3:09,9.3,0.7,11.1,12.46,11.1,0,,Bodycam9/OSMO F,Wednesday 29th June 12/30,12.50pm,,Bodycam9/OSMO F,,,8.1,10.25,11.4,0.8,7.3,17.9,1.48,,17.9,,,,,,,,,,,,,,,,,,,,,,,,,,,,,,,,,,,,,,,,,,,,,,,,,,,,,,,,,,,,,,,,
N1,Centro,ALAN,Ambient,Normal,ALAN Ambient Normal,21/6/22,GoProA3,6:00 pm,6:00 pm,24/6/22,GoProA3,5.30pm,1:00 pm,9.2,7.12,3:11,9.2,0,12.4,12.26,12.4,0,29/6/22,GoProA3,Wednesday 29th June 12/30,12.50pm,,GoProA3,,,12.9,1.12,1.29,8.9,4,9.1,2.53,,9.1,,,,,,,,,,,,,,,,,,,,,,,,,,,,,,,,,,,,,,,,,,,,,,,,,,,,,,,,,,,,,,,,
N2,Centro,ALAN,Warm,Normal,ALAN Warm Normal,21/6/22,GoProA3,6:00 pm,6:00 pm,24/6/22,GoProA3,5.30pm,1:00 pm,8,7.12,3:12,8,0,13.1,12.27,13.1,0,29/6/22,GoProA3,Wednesday 29th June 12/30,12.50pm,,GoProA3,,,9.4,1.12,1.29,3.6,5.8,12,2.55,,12,,,,,,,,,,,,,,,,,,,,,,,,,,,,,,,,,,,,,,,,,,,,,,,,,,,,,,,,,,,,,,,,
N3,Centro,ALAN,Warm,Normal,ALAN Warm Normal,21/6/22,GoProA4,6:00 pm,6:00 pm,24/6/22,GoProA4,5.30pm,1:00 pm,7.4,7.12,3:16,0,7.4,9.9,12.29,8.2,1.7,29/6/22,GoProA4,Wednesday 29th June 12/30,12.50pm,,GoProA4,,,12.7,1.13,1.29,12.1,0.6,10,2.56,,10,,,,,,,,,,,,,,,,,,,,,,,,,,,,,,,,,,,,,,,,,,,,,,,,,,,,,,,,,,,,,,,,
N4,Centro,ALAN,Ambient,Normal,ALAN Ambient Normal,21/6/22,GoProA4,6:00 pm,6:00 pm,24/6/22,GoProA4,5.30pm,1:00 pm,6.3,7.12,3:16,0,6.3,12.3,12.31,12.3,0,29/6/22,GoProA4,Wednesday 29th June 12/30,12.50pm,,GoProA4,,,9.5,1.14,1.29,5.8,3.7,11.4,2.58,,11.4,,,,,,,,,,,,,,,,,,,,,,,,,,,,,,,,,,,,,,,,,,,,,,,,,,,,,,,,,,,,,,,,
O1,Centro (spare),ALAN,Ambient,Normal,ALAN Ambient Normal,21/6/22,GoProA5,6:00 pm,6:00 pm,24/6/22,GoProA5,5.30pm,1:00 pm,9.8,7.12,3:16,8.2,1.6,10.9,12.35,7,3.9,29/6/22,GoProA5,Wednesday 29th June 12/30,12.50pm,,GoProA5,,,10.2,1.14,1.29,5,5.2,9.8,2.59,,9.8,,,,,,,,,,,,,,,,,,,,,,,,,,,,,,,,,,,,,,,,,,,,,,,,,,,,,,,,,,,,,,,,
O2,Centro (spare),ALAN,Warm,Normal,ALAN Warm Normal,21/6/22,GoProA5,6:00 pm,6:00 pm,24/6/22,GoProA5,5.30pm,1:00 pm,7.2,7.12,3:16,5.3,1.9,9.9,12.36,7.1,2.8,29/6/22,GoProA5,Wednesday 29th June 12/30,12.50pm,,GoProA5,,,8.1,1.16,1.29,5.2,2.9,9.4,3.01,,9.4,,,,,,,,,,,,,,,,,,,,,,,,,,,,,,,,,,,,,,,,,,,,,,,,,,,,,,,,,,,,,,,,
O3,Centro (spare),ALAN,Ambient,Normal,ALAN Ambient Normal,21/6/22,Bodycam10,6:00 pm,6:00 pm,24/6/22,OSMO R,5.30pm,1:00 pm,6.7,7.12,3:19,6.1,0.6,10.6,12.38,10.5,0.1,29/6/22,OSMO R,Wednesday 29th June 12/30,12.50pm,,OSMO R,,,12.1,1.16,1.29,9.7,2.4,11.9,3.02,,11.9,,,,,,,,,,,,,,,,,,,,,,,,,,,,,,,,,,,,,,,,,,,,,,,,,,,,,,,,,,,,,,,,
O4,Centro (spare),ALAN,Warm,Normal,ALAN Warm Normal,21/6/22,Bodycam10,6:00 pm,6:00 pm,24/6/22,OSMO R,5.30pm,1:00 pm,6.5,7.17,3:19,6.5,0,12.6,12.4,2.9,9.7,29/6/22,OSMO R,Wednesday 29th June 12/30,12.50pm,,OSMO R,,,11.1,1.16,1.29,8.3,2.8,10.1,3.04,,10.1,,,,,,,,,,,,,,,,,,,,,,,,,,,,,,,,,,,,,,,,,,,,,,,,,,,,,,,,,,,,,,,,