"Tank","Species","Light","Temp","Kelp","Hobo.Logger.Serial","Total.Weight","Test.Diameter..mm.","Gonad.Weight","Gonad.Index....","Treatment","Week","Consumption","Group","DateGroup","ConsumptionbyWeight","TempLight"
"A1","Centro","ALAN","Warm","Normal","2006895",345.8,85.44,15.8,4.569115095,"ALAN Warm Normal","1",0,"Group1","Week 1 Group1",0,"ALAN Warm"
"A1","Centro","ALAN","Warm","Normal","2006895",345.8,85.44,15.8,4.569115095,"ALAN Warm Normal","2",2.6,"Group1","Week 2 Group1",0.0075187969924812,"ALAN Warm"
"A1","Centro","ALAN","Warm","Normal","2006895",345.8,85.44,15.8,4.569115095,"ALAN Warm Normal","5",5.95,"Group1","Week 5 Group1",0.0172064777327935,"ALAN Warm"
"A1","Centro","ALAN","Warm","Normal","2006895",345.8,85.44,15.8,4.569115095,"ALAN Warm Normal","7",6.7,"Group1","Week 7 Group1",0.0193753614806246,"ALAN Warm"
"A1","Centro","ALAN","Warm","Normal","2006895",345.8,85.44,15.8,4.569115095,"ALAN Warm Normal","9",1.45,"Group1","Week 9 Group1",0.00419317524580682,"ALAN Warm"
"A2","Centro","ALAN","Ambient","Normal","20065890",385.1,83.04,19.3,5.011685277,"ALAN Ambient Normal","1",2.5,"Group1","Week 1 Group1",0.00649182030641392,"ALAN Ambient"
"A2","Centro","ALAN","Ambient","Normal","20065890",385.1,83.04,19.3,5.011685277,"ALAN Ambient Normal","2",0.8,"Group1","Week 2 Group1",0.00207738249805245,"ALAN Ambient"
"A2","Centro","ALAN","Ambient","Normal","20065890",385.1,83.04,19.3,5.011685277,"ALAN Ambient Normal","5",1.5,"Group1","Week 5 Group1",0.00389509218384835,"ALAN Ambient"
"A2","Centro","ALAN","Ambient","Normal","20065890",385.1,83.04,19.3,5.011685277,"ALAN Ambient Normal","7",3.35,"Group1","Week 7 Group1",0.00869903921059465,"ALAN Ambient"
"A2","Centro","ALAN","Ambient","Normal","20065890",385.1,83.04,19.3,5.011685277,"ALAN Ambient Normal","9",2,"Group1","Week 9 Group1",0.00519345624513113,"ALAN Ambient"
"A3","Centro","ALAN","Warm","Treated","",111.3,55.36,4.6,4.132973944,"ALAN Warm Treated","1",0.1,"Group1","Week 1 Group1",0.000898472596585804,"ALAN Warm"
"A3","Centro","ALAN","Warm","Treated","",111.3,55.36,4.6,4.132973944,"ALAN Warm Treated","2",1.15,"Group1","Week 2 Group1",0.0103324348607367,"ALAN Warm"
"A3","Centro","ALAN","Warm","Treated","",111.3,55.36,4.6,4.132973944,"ALAN Warm Treated","5",1.95,"Group1","Week 5 Group1",0.0175202156334232,"ALAN Warm"
"A3","Centro","ALAN","Warm","Treated","",111.3,55.36,4.6,4.132973944,"ALAN Warm Treated","7",1.5,"Group1","Week 7 Group1",0.0134770889487871,"ALAN Warm"
"A3","Centro","ALAN","Warm","Treated","",111.3,55.36,4.6,4.132973944,"ALAN Warm Treated","9",2.1,"Group1","Week 9 Group1",0.0188679245283019,"ALAN Warm"
"A4","Centro","ALAN","Ambient","Normal","20061299",257.8,78.3,16.8,6.516679597,"ALAN Ambient Normal","1",4.15,"Group1","Week 1 Group1",0.0160977501939488,"ALAN Ambient"
"A4","Centro","ALAN","Ambient","Normal","20061299",257.8,78.3,16.8,6.516679597,"ALAN Ambient Normal","2",1.95,"Group1","Week 2 Group1",0.00756400310318076,"ALAN Ambient"
"A4","Centro","ALAN","Ambient","Normal","20061299",257.8,78.3,16.8,6.516679597,"ALAN Ambient Normal","5",2.3,"Group1","Week 5 Group1",0.00892164468580295,"ALAN Ambient"
"A4","Centro","ALAN","Ambient","Normal","20061299",257.8,78.3,16.8,6.516679597,"ALAN Ambient Normal","7",1.6,"Group1","Week 7 Group1",0.00620636152055857,"ALAN Ambient"
"A4","Centro","ALAN","Ambient","Normal","20061299",257.8,78.3,16.8,6.516679597,"ALAN Ambient Normal","9",2.25,"Group1","Week 9 Group1",0.00872769588828549,"ALAN Ambient"
"B1","Centro","Dark","Warm","Treated","20056143",142.7,62.79,3.1,2.172389629,"Dark Warm Treated","1",0,"Group1","Week 1 Group1",0,"Dark Warm"
"B1","Centro","Dark","Warm","Treated","20056143",142.7,62.79,3.1,2.172389629,"Dark Warm Treated","2",1.85,"Group1","Week 2 Group1",0.0129642606867554,"Dark Warm"
"B1","Centro","Dark","Warm","Treated","20056143",142.7,62.79,3.1,2.172389629,"Dark Warm Treated","5",1.7,"Group1","Week 5 Group1",0.0119131044148563,"Dark Warm"
"B1","Centro","Dark","Warm","Treated","20056143",142.7,62.79,3.1,2.172389629,"Dark Warm Treated","7",1.7,"Group1","Week 7 Group1",0.0119131044148563,"Dark Warm"
"B1","Centro","Dark","Warm","Treated","20056143",142.7,62.79,3.1,2.172389629,"Dark Warm Treated","9",2.75,"Group1","Week 9 Group1",0.01927119831815,"Dark Warm"
"B2","Centro","Dark","Warm","Normal","",395.2,85.75,24.9,6.300607287,"Dark Warm Normal","1",3.65,"Group1","Week 1 Group1",0.00923582995951417,"Dark Warm"
"B2","Centro","Dark","Warm","Normal","",395.2,85.75,24.9,6.300607287,"Dark Warm Normal","2",2,"Group1","Week 2 Group1",0.00506072874493927,"Dark Warm"
"B2","Centro","Dark","Warm","Normal","",395.2,85.75,24.9,6.300607287,"Dark Warm Normal","5",3.3,"Group1","Week 5 Group1",0.0083502024291498,"Dark Warm"
"B2","Centro","Dark","Warm","Normal","",395.2,85.75,24.9,6.300607287,"Dark Warm Normal","7",4.4,"Group1","Week 7 Group1",0.0111336032388664,"Dark Warm"
"B2","Centro","Dark","Warm","Normal","",395.2,85.75,24.9,6.300607287,"Dark Warm Normal","9",2.5,"Group1","Week 9 Group1",0.00632591093117409,"Dark Warm"
"B3","Centro","Dark","Ambient","Normal","20043397",356.1,81.56,6.5,1.825329963,"Dark Ambient Normal","1",2.65,"Group1","Week 1 Group1",0.0074417298511654,"Dark Ambient"
"B3","Centro","Dark","Ambient","Normal","20043397",356.1,81.56,6.5,1.825329963,"Dark Ambient Normal","2",0,"Group1","Week 2 Group1",0,"Dark Ambient"
"B3","Centro","Dark","Ambient","Normal","20043397",356.1,81.56,6.5,1.825329963,"Dark Ambient Normal","5",0.25,"Group1","Week 5 Group1",0.000702049985959,"Dark Ambient"
"B3","Centro","Dark","Ambient","Normal","20043397",356.1,81.56,6.5,1.825329963,"Dark Ambient Normal","7",0.55,"Group1","Week 7 Group1",0.0015445099691098,"Dark Ambient"
"B3","Centro","Dark","Ambient","Normal","20043397",356.1,81.56,6.5,1.825329963,"Dark Ambient Normal","9",2.1,"Group1","Week 9 Group1",0.0058972198820556,"Dark Ambient"
"B4","Centro","Dark","Ambient","Normal","10505456",184.1,68.65,1.7,0.92341119,"Dark Ambient Normal","1",0,"Group1","Week 1 Group1",0,"Dark Ambient"
"B4","Centro","Dark","Ambient","Normal","10505456",184.1,68.65,1.7,0.92341119,"Dark Ambient Normal","2",2.505,"Group1","Week 2 Group1",0.0136067354698533,"Dark Ambient"
"B4","Centro","Dark","Ambient","Normal","10505456",184.1,68.65,1.7,0.92341119,"Dark Ambient Normal","5",0.95,"Group1","Week 5 Group1",0.00516023900054318,"Dark Ambient"
"B4","Centro","Dark","Ambient","Normal","10505456",184.1,68.65,1.7,0.92341119,"Dark Ambient Normal","7",1.9,"Group1","Week 7 Group1",0.0103204780010864,"Dark Ambient"
"B4","Centro","Dark","Ambient","Normal","10505456",184.1,68.65,1.7,0.92341119,"Dark Ambient Normal","9",1,"Group1","Week 9 Group1",0.00543183052688756,"Dark Ambient"
"C1","Centro","Dark","Ambient","Normal","20061298",268.7,76.55,6.6,2.456270934,"Dark Ambient Normal","1",0.9,"Group1","Week 1 Group1",0.00334946036471902,"Dark Ambient"
"C1","Centro","Dark","Ambient","Normal","20061298",268.7,76.55,6.6,2.456270934,"Dark Ambient Normal","2",1.35,"Group1","Week 2 Group1",0.00502419054707853,"Dark Ambient"
"C1","Centro","Dark","Ambient","Normal","20061298",268.7,76.55,6.6,2.456270934,"Dark Ambient Normal","5",2.75,"Group1","Week 5 Group1",0.0102344622255303,"Dark Ambient"
"C1","Centro","Dark","Ambient","Normal","20061298",268.7,76.55,6.6,2.456270934,"Dark Ambient Normal","7",1.5,"Group1","Week 7 Group1",0.00558243394119836,"Dark Ambient"
"C1","Centro","Dark","Ambient","Normal","20061298",268.7,76.55,6.6,2.456270934,"Dark Ambient Normal","9",2.2,"Group1","Week 9 Group1",0.00818756978042427,"Dark Ambient"
"C2","Centro","Dark","Ambient","Normal","",224.3,73.68,17.9,7.980383415,"Dark Ambient Normal","1",2.8,"Group1","Week 1 Group1",0.0124832813196612,"Dark Ambient"
"C2","Centro","Dark","Ambient","Normal","",224.3,73.68,17.9,7.980383415,"Dark Ambient Normal","2",2.5,"Group1","Week 2 Group1",0.0111457868925546,"Dark Ambient"
"C2","Centro","Dark","Ambient","Normal","",224.3,73.68,17.9,7.980383415,"Dark Ambient Normal","5",2.45,"Group1","Week 5 Group1",0.0109228711547035,"Dark Ambient"
"C2","Centro","Dark","Ambient","Normal","",224.3,73.68,17.9,7.980383415,"Dark Ambient Normal","7",2.5,"Group1","Week 7 Group1",0.0111457868925546,"Dark Ambient"
"C2","Centro","Dark","Ambient","Normal","",224.3,73.68,17.9,7.980383415,"Dark Ambient Normal","9",1.2,"Group1","Week 9 Group1",0.00534997770842621,"Dark Ambient"
"C3","Centro","Dark","Warm","Treated","9803965",469.7,93.51,6.4,1.362571854,"Dark Warm Treated","1",4.6,"Group1","Week 1 Group1",0.00979348520332127,"Dark Warm"
"C3","Centro","Dark","Warm","Treated","9803965",469.7,93.51,6.4,1.362571854,"Dark Warm Treated","2",2.2,"Group1","Week 2 Group1",0.00468384074941452,"Dark Warm"
"C3","Centro","Dark","Warm","Treated","9803965",469.7,93.51,6.4,1.362571854,"Dark Warm Treated","5",5.05,"Group1","Week 5 Group1",0.0107515435384288,"Dark Warm"
"C3","Centro","Dark","Warm","Treated","9803965",469.7,93.51,6.4,1.362571854,"Dark Warm Treated","7",3.05,"Group1","Week 7 Group1",0.00649350649350649,"Dark Warm"
"C3","Centro","Dark","Warm","Treated","9803965",469.7,93.51,6.4,1.362571854,"Dark Warm Treated","9",6.35,"Group1","Week 9 Group1",0.0135192676176283,"Dark Warm"
"C4","Centro","Dark","Warm","Normal","",251.8,72.44,8.4,3.335980937,"Dark Warm Normal","1",1.25,"Group1","Week 1 Group1",0.00496425734710087,"Dark Warm"
"C4","Centro","Dark","Warm","Normal","",251.8,72.44,8.4,3.335980937,"Dark Warm Normal","2",1.85,"Group1","Week 2 Group1",0.00734710087370929,"Dark Warm"
"C4","Centro","Dark","Warm","Normal","",251.8,72.44,8.4,3.335980937,"Dark Warm Normal","5",2.8,"Group1","Week 5 Group1",0.011119936457506,"Dark Warm"
"C4","Centro","Dark","Warm","Normal","",251.8,72.44,8.4,3.335980937,"Dark Warm Normal","7",2.45,"Group1","Week 7 Group1",0.00972994440031771,"Dark Warm"
"C4","Centro","Dark","Warm","Normal","",251.8,72.44,8.4,3.335980937,"Dark Warm Normal","9",4.15,"Group1","Week 9 Group1",0.0164813343923749,"Dark Warm"
"D1","Centro","ALAN","Ambient","Treated","20043398",318,83.1,13.9,4.371069182,"ALAN Ambient Treated","1",4.8,"Group1","Week 1 Group1",0.0150943396226415,"ALAN Ambient"
"D1","Centro","ALAN","Ambient","Treated","20043398",318,83.1,13.9,4.371069182,"ALAN Ambient Treated","2",1.65,"Group1","Week 2 Group1",0.00518867924528302,"ALAN Ambient"
"D1","Centro","ALAN","Ambient","Treated","20043398",318,83.1,13.9,4.371069182,"ALAN Ambient Treated","5",2.1,"Group1","Week 5 Group1",0.00660377358490566,"ALAN Ambient"
"D1","Centro","ALAN","Ambient","Treated","20043398",318,83.1,13.9,4.371069182,"ALAN Ambient Treated","7",2.85,"Group1","Week 7 Group1",0.0089622641509434,"ALAN Ambient"
"D1","Centro","ALAN","Ambient","Treated","20043398",318,83.1,13.9,4.371069182,"ALAN Ambient Treated","9",2.05,"Group1","Week 9 Group1",0.00644654088050314,"ALAN Ambient"
"D2","Centro","ALAN","Warm","Treated","9837385",308.6,77.45,18.2,5.897602074,"ALAN Warm Treated","1",2.85,"Group1","Week 1 Group1",0.00923525599481529,"ALAN Warm"
"D2","Centro","ALAN","Warm","Treated","9837385",308.6,77.45,18.2,5.897602074,"ALAN Warm Treated","2",0.65,"Group1","Week 2 Group1",0.00210628645495787,"ALAN Warm"
"D2","Centro","ALAN","Warm","Treated","9837385",308.6,77.45,18.2,5.897602074,"ALAN Warm Treated","5",4.25,"Group1","Week 5 Group1",0.0137718729747246,"ALAN Warm"
"D2","Centro","ALAN","Warm","Treated","9837385",308.6,77.45,18.2,5.897602074,"ALAN Warm Treated","7",3.1,"Group1","Week 7 Group1",0.0100453661697991,"ALAN Warm"
"D2","Centro","ALAN","Warm","Treated","9837385",308.6,77.45,18.2,5.897602074,"ALAN Warm Treated","9",7.45,"Group1","Week 9 Group1",0.0241412832145172,"ALAN Warm"
"D3","Centro","ALAN","Warm","Normal","20065893",127.9,57.64,4.4,3.440187647,"ALAN Warm Normal","1",2.6,"Group1","Week 1 Group1",0.0203283815480844,"ALAN Warm"
"D3","Centro","ALAN","Warm","Normal","20065893",127.9,57.64,4.4,3.440187647,"ALAN Warm Normal","2",1.1,"Group1","Week 2 Group1",0.00860046911649726,"ALAN Warm"
"D3","Centro","ALAN","Warm","Normal","20065893",127.9,57.64,4.4,3.440187647,"ALAN Warm Normal","5",1.85,"Group1","Week 5 Group1",0.0144644253322909,"ALAN Warm"
"D3","Centro","ALAN","Warm","Normal","20065893",127.9,57.64,4.4,3.440187647,"ALAN Warm Normal","7",2.15,"Group1","Week 7 Group1",0.0168100078186083,"ALAN Warm"
"D3","Centro","ALAN","Warm","Normal","20065893",127.9,57.64,4.4,3.440187647,"ALAN Warm Normal","9",2.55,"Group1","Week 9 Group1",0.0199374511336982,"ALAN Warm"
"D4","Centro","ALAN","Ambient","Normal","",229.9,74.68,18,7.829491083,"ALAN Ambient Normal","1",3.9,"Group1","Week 1 Group1",0.0169638973466725,"ALAN Ambient"
"D4","Centro","ALAN","Ambient","Normal","",229.9,74.68,18,7.829491083,"ALAN Ambient Normal","2",0.45,"Group1","Week 2 Group1",0.0019573727707699,"ALAN Ambient"
"D4","Centro","ALAN","Ambient","Normal","",229.9,74.68,18,7.829491083,"ALAN Ambient Normal","5",0.65,"Group1","Week 5 Group1",0.00282731622444541,"ALAN Ambient"
"D4","Centro","ALAN","Ambient","Normal","",229.9,74.68,18,7.829491083,"ALAN Ambient Normal","7",3.45,"Group1","Week 7 Group1",0.0150065245759026,"ALAN Ambient"
"D4","Centro","ALAN","Ambient","Normal","",229.9,74.68,18,7.829491083,"ALAN Ambient Normal","9",2.2,"Group1","Week 9 Group1",0.00956937799043062,"ALAN Ambient"
"E1","Centro","Dark","Warm","Normal","20056157",266.7,73.14,14.2,5.324334458,"Dark Warm Normal","1",1.45,"Group1","Week 1 Group1",0.00543682039745032,"Dark Warm"
"E1","Centro","Dark","Warm","Normal","20056157",266.7,73.14,14.2,5.324334458,"Dark Warm Normal","2",0.55,"Group1","Week 2 Group1",0.00206224221972254,"Dark Warm"
"E1","Centro","Dark","Warm","Normal","20056157",266.7,73.14,14.2,5.324334458,"Dark Warm Normal","5",1.55,"Group1","Week 5 Group1",0.00581177352830896,"Dark Warm"
"E1","Centro","Dark","Warm","Normal","20056157",266.7,73.14,14.2,5.324334458,"Dark Warm Normal","7",1.7,"Group1","Week 7 Group1",0.00637420322459693,"Dark Warm"
"E1","Centro","Dark","Warm","Normal","20056157",266.7,73.14,14.2,5.324334458,"Dark Warm Normal","9",2.4,"Group1","Week 9 Group1",0.00899887514060742,"Dark Warm"
"E2","Centro","Dark","Ambient","Treated","20065902",354.6,84.85,24.5,6.909193457,"Dark Ambient Treated","1",2.75,"Group1","Week 1 Group1",0.00775521714608009,"Dark Ambient"
"E2","Centro","Dark","Ambient","Treated","20065902",354.6,84.85,24.5,6.909193457,"Dark Ambient Treated","2",1.75,"Group1","Week 2 Group1",0.00493513818386915,"Dark Ambient"
"E2","Centro","Dark","Ambient","Treated","20065902",354.6,84.85,24.5,6.909193457,"Dark Ambient Treated","5",0.85,"Group1","Week 5 Group1",0.0023970671178793,"Dark Ambient"
"E2","Centro","Dark","Ambient","Treated","20065902",354.6,84.85,24.5,6.909193457,"Dark Ambient Treated","7",4.55,"Group1","Week 7 Group1",0.0128313592780598,"Dark Ambient"
"E2","Centro","Dark","Ambient","Treated","20065902",354.6,84.85,24.5,6.909193457,"Dark Ambient Treated","9",1.85,"Group1","Week 9 Group1",0.00521714608009024,"Dark Ambient"
"E3","Centro","Dark","Ambient","Normal","10620182",281.1,78.01,19,6.759160441,"Dark Ambient Normal","1",5.15,"Group1","Week 1 Group1",0.0183208822483102,"Dark Ambient"
"E3","Centro","Dark","Ambient","Normal","10620182",281.1,78.01,19,6.759160441,"Dark Ambient Normal","2",0.25,"Group1","Week 2 Group1",0.000889363215937389,"Dark Ambient"
"E3","Centro","Dark","Ambient","Normal","10620182",281.1,78.01,19,6.759160441,"Dark Ambient Normal","5",2.2,"Group1","Week 5 Group1",0.00782639630024902,"Dark Ambient"
"E3","Centro","Dark","Ambient","Normal","10620182",281.1,78.01,19,6.759160441,"Dark Ambient Normal","7",2.55,"Group1","Week 7 Group1",0.00907150480256136,"Dark Ambient"
"E3","Centro","Dark","Ambient","Normal","10620182",281.1,78.01,19,6.759160441,"Dark Ambient Normal","9",0.8,"Group1","Week 9 Group1",0.00284596229099964,"Dark Ambient"
"E4","Centro","Dark","Warm","Treated","",400.4,90.04,2.4,0.599400599,"Dark Warm Treated","1",3.3,"Group1","Week 1 Group1",0.00824175824175824,"Dark Warm"
"E4","Centro","Dark","Warm","Treated","",400.4,90.04,2.4,0.599400599,"Dark Warm Treated","2",1.6,"Group1","Week 2 Group1",0.003996003996004,"Dark Warm"
"E4","Centro","Dark","Warm","Treated","",400.4,90.04,2.4,0.599400599,"Dark Warm Treated","5",2.3,"Group1","Week 5 Group1",0.00574425574425574,"Dark Warm"
"E4","Centro","Dark","Warm","Treated","",400.4,90.04,2.4,0.599400599,"Dark Warm Treated","7",4.95,"Group1","Week 7 Group1",0.0123626373626374,"Dark Warm"
"E4","Centro","Dark","Warm","Treated","",400.4,90.04,2.4,0.599400599,"Dark Warm Treated","9",2.7,"Group1","Week 9 Group1",0.00674325674325674,"Dark Warm"
"F1","Centro","ALAN","Ambient","Normal","10198060",254.9,76.31,21.1,8.277755983,"ALAN Ambient Normal","1",3.85,"Group1","Week 1 Group1",0.0151039623381718,"ALAN Ambient"
"F1","Centro","ALAN","Ambient","Normal","10198060",254.9,76.31,21.1,8.277755983,"ALAN Ambient Normal","2",1.3,"Group1","Week 2 Group1",0.00510003923107101,"ALAN Ambient"
"F1","Centro","ALAN","Ambient","Normal","10198060",254.9,76.31,21.1,8.277755983,"ALAN Ambient Normal","5",3.05,"Group1","Week 5 Group1",0.0119654766575127,"ALAN Ambient"
"F1","Centro","ALAN","Ambient","Normal","10198060",254.9,76.31,21.1,8.277755983,"ALAN Ambient Normal","7",2.75,"Group1","Week 7 Group1",0.0107885445272656,"ALAN Ambient"
"F1","Centro","ALAN","Ambient","Normal","10198060",254.9,76.31,21.1,8.277755983,"ALAN Ambient Normal","9",2.35,"Group1","Week 9 Group1",0.00921930168693605,"ALAN Ambient"
"F2","Centro","ALAN","Warm","Treated","20061307",425.5,91.37,28.2,6.627497062,"ALAN Warm Treated","1",6.3,"Group1","Week 1 Group1",0.0148061104582844,"ALAN Warm"
"F2","Centro","ALAN","Warm","Treated","20061307",425.5,91.37,28.2,6.627497062,"ALAN Warm Treated","2",4.25,"Group1","Week 2 Group1",0.0099882491186839,"ALAN Warm"
"F2","Centro","ALAN","Warm","Treated","20061307",425.5,91.37,28.2,6.627497062,"ALAN Warm Treated","5",6.25,"Group1","Week 5 Group1",0.0146886016451234,"ALAN Warm"
"F2","Centro","ALAN","Warm","Treated","20061307",425.5,91.37,28.2,6.627497062,"ALAN Warm Treated","7",3.85,"Group1","Week 7 Group1",0.009048178613396,"ALAN Warm"
"F2","Centro","ALAN","Warm","Treated","20061307",425.5,91.37,28.2,6.627497062,"ALAN Warm Treated","9",3.1,"Group1","Week 9 Group1",0.0072855464159812,"ALAN Warm"
"F3","Centro","ALAN","Ambient","Normal","20046835",221.1,72.37,16.8,7.598371777,"ALAN Ambient Normal","1",1.05,"Group1","Week 1 Group1",0.00474898236092266,"ALAN Ambient"
"F3","Centro","ALAN","Ambient","Normal","20046835",221.1,72.37,16.8,7.598371777,"ALAN Ambient Normal","2",2.15,"Group1","Week 2 Group1",0.00972410673903211,"ALAN Ambient"
"F3","Centro","ALAN","Ambient","Normal","20046835",221.1,72.37,16.8,7.598371777,"ALAN Ambient Normal","5",3.5,"Group1","Week 5 Group1",0.0158299412030755,"ALAN Ambient"
"F3","Centro","ALAN","Ambient","Normal","20046835",221.1,72.37,16.8,7.598371777,"ALAN Ambient Normal","7",1.5,"Group1","Week 7 Group1",0.0067842605156038,"ALAN Ambient"
"F3","Centro","ALAN","Ambient","Normal","20046835",221.1,72.37,16.8,7.598371777,"ALAN Ambient Normal","9",0.9,"Group1","Week 9 Group1",0.00407055630936228,"ALAN Ambient"
"F4","Centro","ALAN","Warm","Normal","",456.4,94.54,26.1,5.718667835,"ALAN Warm Normal","1",4.65,"Group1","Week 1 Group1",0.0101884312007011,"ALAN Warm"
"F4","Centro","ALAN","Warm","Normal","",456.4,94.54,26.1,5.718667835,"ALAN Warm Normal","2",3.4,"Group1","Week 2 Group1",0.00744960560911481,"ALAN Warm"
"F4","Centro","ALAN","Warm","Normal","",456.4,94.54,26.1,5.718667835,"ALAN Warm Normal","5",7.3,"Group1","Week 5 Group1",0.0159947414548642,"ALAN Warm"
"F4","Centro","ALAN","Warm","Normal","",456.4,94.54,26.1,5.718667835,"ALAN Warm Normal","7",8.25,"Group1","Week 7 Group1",0.0180762489044698,"ALAN Warm"
"F4","Centro","ALAN","Warm","Normal","",456.4,94.54,26.1,5.718667835,"ALAN Warm Normal","9",4.4,"Group1","Week 9 Group1",0.00964066608238387,"ALAN Warm"
"G1","Centro","Dark","Warm","Normal","20061294",193.1,68.15,10.5,5.4375971,"Dark Warm Normal","1",0.35,"Group2","Week 1 Group2",0.0018125323666494,"Dark Warm"
"G1","Centro","Dark","Warm","Normal","20061294",193.1,68.15,10.5,5.4375971,"Dark Warm Normal","2",1.05,"Group2","Week 2 Group2",0.00543759709994821,"Dark Warm"
"G1","Centro","Dark","Warm","Normal","20061294",193.1,68.15,10.5,5.4375971,"Dark Warm Normal","5",0.75,"Group2","Week 5 Group2",0.00388399792853444,"Dark Warm"
"G1","Centro","Dark","Warm","Normal","20061294",193.1,68.15,10.5,5.4375971,"Dark Warm Normal","7",1.45,"Group2","Week 7 Group2",0.00750906266183325,"Dark Warm"
"G1","Centro","Dark","Warm","Normal","20061294",193.1,68.15,10.5,5.4375971,"Dark Warm Normal","9",0.9,"Group2","Week 9 Group2",0.00466079751424133,"Dark Warm"
"G2","Centro","Dark","Ambient","Treated","",311.3,84.85,4.9,1.57404433,"Dark Ambient Treated","1",2.55,"Group2","Week 1 Group2",0.00819145518792162,"Dark Ambient"
"G2","Centro","Dark","Ambient","Treated","",311.3,84.85,4.9,1.57404433,"Dark Ambient Treated","2",0.15,"Group2","Week 2 Group2",0.00048185030517186,"Dark Ambient"
"G2","Centro","Dark","Ambient","Treated","",311.3,84.85,4.9,1.57404433,"Dark Ambient Treated","5",0.05,"Group2","Week 5 Group2",0.00016061676839062,"Dark Ambient"
"G2","Centro","Dark","Ambient","Treated","",311.3,84.85,4.9,1.57404433,"Dark Ambient Treated","7",3.25,"Group2","Week 7 Group2",0.0104400899453903,"Dark Ambient"
"G2","Centro","Dark","Ambient","Treated","",311.3,84.85,4.9,1.57404433,"Dark Ambient Treated","9",0.6,"Group2","Week 9 Group2",0.00192740122068744,"Dark Ambient"
"G3","Centro","Dark","Warm","Normal","20061300",305.8,79.62,28,9.156311315,"Dark Warm Normal","1",0.15,"Group2","Week 1 Group2",0.000490516677567037,"Dark Warm"
"G3","Centro","Dark","Warm","Normal","20061300",305.8,79.62,28,9.156311315,"Dark Warm Normal","2",2.05,"Group2","Week 2 Group2",0.00670372792674951,"Dark Warm"
"G3","Centro","Dark","Warm","Normal","20061300",305.8,79.62,28,9.156311315,"Dark Warm Normal","5",1.6,"Group2","Week 5 Group2",0.0052321778940484,"Dark Warm"
"G3","Centro","Dark","Warm","Normal","20061300",305.8,79.62,28,9.156311315,"Dark Warm Normal","7",1.1,"Group2","Week 7 Group2",0.00359712230215827,"Dark Warm"
"G3","Centro","Dark","Warm","Normal","20061300",305.8,79.62,28,9.156311315,"Dark Warm Normal","9",0.4,"Group2","Week 9 Group2",0.0013080444735121,"Dark Warm"
"G4","Centro","Dark","Ambient","Normal","20061306",372.6,85.23,13.9,3.730542136,"Dark Ambient Normal","1",3.65,"Group2","Week 1 Group2",0.00979602791196994,"Dark Ambient"
"G4","Centro","Dark","Ambient","Normal","20061306",372.6,85.23,13.9,3.730542136,"Dark Ambient Normal","2",2.95,"Group2","Week 2 Group2",0.00791733762748256,"Dark Ambient"
"G4","Centro","Dark","Ambient","Normal","20061306",372.6,85.23,13.9,3.730542136,"Dark Ambient Normal","5",1.75,"Group2","Week 5 Group2",0.00469672571121846,"Dark Ambient"
"G4","Centro","Dark","Ambient","Normal","20061306",372.6,85.23,13.9,3.730542136,"Dark Ambient Normal","7",3.55,"Group2","Week 7 Group2",0.0095276435856146,"Dark Ambient"
"G4","Centro","Dark","Ambient","Normal","20061306",372.6,85.23,13.9,3.730542136,"Dark Ambient Normal","9",3.35,"Group2","Week 9 Group2",0.00899087493290392,"Dark Ambient"
"H1","Centro","Dark","Ambient","Normal","20284456",321.9,80.56,25.7,7.983845915,"Dark Ambient Normal","1",1.55,"Group2","Week 1 Group2",0.00481515998757378,"Dark Ambient"
"H1","Centro","Dark","Ambient","Normal","20284456",321.9,80.56,25.7,7.983845915,"Dark Ambient Normal","2",2.4,"Group2","Week 2 Group2",0.00745573159366263,"Dark Ambient"
"H1","Centro","Dark","Ambient","Normal","20284456",321.9,80.56,25.7,7.983845915,"Dark Ambient Normal","5",0.85,"Group2","Week 5 Group2",0.00264057160608885,"Dark Ambient"
"H1","Centro","Dark","Ambient","Normal","20284456",321.9,80.56,25.7,7.983845915,"Dark Ambient Normal","7",0.5,"Group2","Week 7 Group2",0.00155327741534638,"Dark Ambient"
"H1","Centro","Dark","Ambient","Normal","20284456",321.9,80.56,25.7,7.983845915,"Dark Ambient Normal","9",0.05,"Group2","Week 9 Group2",0.000155327741534638,"Dark Ambient"
"H2","Centro","Dark","Ambient","Treated","20056145",331.3,83,11,3.320253547,"Dark Ambient Treated","1",2.65,"Group2","Week 1 Group2",0.00799879263507395,"Dark Ambient"
"H2","Centro","Dark","Ambient","Treated","20056145",331.3,83,11,3.320253547,"Dark Ambient Treated","2",1.85,"Group2","Week 2 Group2",0.00558406278297615,"Dark Ambient"
"H2","Centro","Dark","Ambient","Treated","20056145",331.3,83,11,3.320253547,"Dark Ambient Treated","5",1.9,"Group2","Week 5 Group2",0.00573498339873227,"Dark Ambient"
"H2","Centro","Dark","Ambient","Treated","20056145",331.3,83,11,3.320253547,"Dark Ambient Treated","7",2.75,"Group2","Week 7 Group2",0.00830063386658618,"Dark Ambient"
"H2","Centro","Dark","Ambient","Treated","20056145",331.3,83,11,3.320253547,"Dark Ambient Treated","9",5.45,"Group2","Week 9 Group2",0.0164503471174162,"Dark Ambient"
"H3","Centro","Dark","Warm","Normal","20284457",429.1,85.92,48.5,11.30272664,"Dark Warm Normal","1",3.85,"Group2","Week 1 Group2",0.00897226753670473,"Dark Warm"
"H3","Centro","Dark","Warm","Normal","20284457",429.1,85.92,48.5,11.30272664,"Dark Warm Normal","2",4.1,"Group2","Week 2 Group2",0.00955488231181543,"Dark Warm"
"H3","Centro","Dark","Warm","Normal","20284457",429.1,85.92,48.5,11.30272664,"Dark Warm Normal","5",4.65,"Group2","Week 5 Group2",0.010836634817059,"Dark Warm"
"H3","Centro","Dark","Warm","Normal","20284457",429.1,85.92,48.5,11.30272664,"Dark Warm Normal","7",1.15,"Group2","Week 7 Group2",0.0026800279655092,"Dark Warm"
"H3","Centro","Dark","Warm","Normal","20284457",429.1,85.92,48.5,11.30272664,"Dark Warm Normal","9",0.1,"Group2","Week 9 Group2",0.000233045910044279,"Dark Warm"
"H4","Centro","Dark","Warm","Normal","",291.7,80.16,19.8,6.78779568,"Dark Warm Normal","1",4.15,"Group2","Week 1 Group2",0.0142269454919438,"Dark Warm"
"H4","Centro","Dark","Warm","Normal","",291.7,80.16,19.8,6.78779568,"Dark Warm Normal","2",2.8,"Group2","Week 2 Group2",0.00959890298251628,"Dark Warm"
"H4","Centro","Dark","Warm","Normal","",291.7,80.16,19.8,6.78779568,"Dark Warm Normal","5",2.35,"Group2","Week 5 Group2",0.00805622214604045,"Dark Warm"
"H4","Centro","Dark","Warm","Normal","",291.7,80.16,19.8,6.78779568,"Dark Warm Normal","7",3.9,"Group2","Week 7 Group2",0.0133699005827905,"Dark Warm"
"H4","Centro","Dark","Warm","Normal","",291.7,80.16,19.8,6.78779568,"Dark Warm Normal","9",4.85,"Group2","Week 9 Group2",0.0166266712375728,"Dark Warm"
"I1","Centro","ALAN","Warm","Normal","",243.5,77.59,21.7,8.911704312,"ALAN Warm Normal","1",6.05,"Group2","Week 1 Group2",0.0248459958932238,"ALAN Warm"
"I1","Centro","ALAN","Warm","Normal","",243.5,77.59,21.7,8.911704312,"ALAN Warm Normal","2",2.4,"Group2","Week 2 Group2",0.00985626283367556,"ALAN Warm"
"I1","Centro","ALAN","Warm","Normal","",243.5,77.59,21.7,8.911704312,"ALAN Warm Normal","5",4.65,"Group2","Week 5 Group2",0.0190965092402464,"ALAN Warm"
"I1","Centro","ALAN","Warm","Normal","",243.5,77.59,21.7,8.911704312,"ALAN Warm Normal","7",1.75,"Group2","Week 7 Group2",0.00718685831622177,"ALAN Warm"
"I1","Centro","ALAN","Warm","Normal","",243.5,77.59,21.7,8.911704312,"ALAN Warm Normal","9",2,"Group2","Week 9 Group2",0.0082135523613963,"ALAN Warm"
"I2","Centro","ALAN","Warm","Normal","10126135",397.5,84.47,31.5,7.924528302,"ALAN Warm Normal","1",0.05,"Group2","Week 1 Group2",0.000125786163522013,"ALAN Warm"
"I2","Centro","ALAN","Warm","Normal","10126135",397.5,84.47,31.5,7.924528302,"ALAN Warm Normal","2",1.95,"Group2","Week 2 Group2",0.00490566037735849,"ALAN Warm"
"I2","Centro","ALAN","Warm","Normal","10126135",397.5,84.47,31.5,7.924528302,"ALAN Warm Normal","5",4.11,"Group2","Week 5 Group2",0.0103396226415094,"ALAN Warm"
"I2","Centro","ALAN","Warm","Normal","10126135",397.5,84.47,31.5,7.924528302,"ALAN Warm Normal","7",3.15,"Group2","Week 7 Group2",0.00792452830188679,"ALAN Warm"
"I2","Centro","ALAN","Warm","Normal","10126135",397.5,84.47,31.5,7.924528302,"ALAN Warm Normal","9",5.6,"Group2","Week 9 Group2",0.0140880503144654,"ALAN Warm"
"I3","Centro","ALAN","Ambient","Treated","20027925",216.1,72.76,16.6,7.681628876,"ALAN Ambient Treated","1",0.8,"Group2","Week 1 Group2",0.003701989819528,"ALAN Ambient"
"I3","Centro","ALAN","Ambient","Treated","20027925",216.1,72.76,16.6,7.681628876,"ALAN Ambient Treated","2",0.55,"Group2","Week 2 Group2",0.0025451180009255,"ALAN Ambient"
"I3","Centro","ALAN","Ambient","Treated","20027925",216.1,72.76,16.6,7.681628876,"ALAN Ambient Treated","5",0.1,"Group2","Week 5 Group2",0.000462748727441,"ALAN Ambient"
"I3","Centro","ALAN","Ambient","Treated","20027925",216.1,72.76,16.6,7.681628876,"ALAN Ambient Treated","7",2.15,"Group2","Week 7 Group2",0.00994909763998149,"ALAN Ambient"
"I3","Centro","ALAN","Ambient","Treated","20027925",216.1,72.76,16.6,7.681628876,"ALAN Ambient Treated","9",1.45,"Group2","Week 9 Group2",0.00670985654789449,"ALAN Ambient"
"I4","Centro","ALAN","Ambient","Normal","10979703",611.3,106.01,30.6,5.005725503,"ALAN Ambient Normal","1",7.6,"Group2","Week 1 Group2",0.0124325208571896,"ALAN Ambient"
"I4","Centro","ALAN","Ambient","Normal","10979703",611.3,106.01,30.6,5.005725503,"ALAN Ambient Normal","2",4.3,"Group2","Week 2 Group2",0.00703418943235727,"ALAN Ambient"
"I4","Centro","ALAN","Ambient","Normal","10979703",611.3,106.01,30.6,5.005725503,"ALAN Ambient Normal","5",3.1,"Group2","Week 5 Group2",0.00507115982332734,"ALAN Ambient"
"I4","Centro","ALAN","Ambient","Normal","10979703",611.3,106.01,30.6,5.005725503,"ALAN Ambient Normal","7",1,"Group2","Week 7 Group2",0.00163585800752495,"ALAN Ambient"
"I4","Centro","ALAN","Ambient","Normal","10979703",611.3,106.01,30.6,5.005725503,"ALAN Ambient Normal","9",5.65,"Group2","Week 9 Group2",0.00924259774251595,"ALAN Ambient"
"J1","Centro","ALAN","Ambient","Normal","20061295",141.6,64.68,8.1,5.720338983,"ALAN Ambient Normal","1",1.95,"Group2","Week 1 Group2",0.013771186440678,"ALAN Ambient"
"J1","Centro","ALAN","Ambient","Normal","20061295",141.6,64.68,8.1,5.720338983,"ALAN Ambient Normal","2",3.4,"Group2","Week 2 Group2",0.0240112994350283,"ALAN Ambient"
"J1","Centro","ALAN","Ambient","Normal","20061295",141.6,64.68,8.1,5.720338983,"ALAN Ambient Normal","5",2.4,"Group2","Week 5 Group2",0.0169491525423729,"ALAN Ambient"
"J1","Centro","ALAN","Ambient","Normal","20061295",141.6,64.68,8.1,5.720338983,"ALAN Ambient Normal","7",1,"Group2","Week 7 Group2",0.00706214689265537,"ALAN Ambient"
"J1","Centro","ALAN","Ambient","Normal","20061295",141.6,64.68,8.1,5.720338983,"ALAN Ambient Normal","9",3.25,"Group2","Week 9 Group2",0.0229519774011299,"ALAN Ambient"
"J2","Centro","ALAN","Ambient","Treated","",423.4,93.2,32.7,7.723193198,"ALAN Ambient Treated","1",3.35,"Group2","Week 1 Group2",0.00791213982050071,"ALAN Ambient"
"J2","Centro","ALAN","Ambient","Treated","",423.4,93.2,32.7,7.723193198,"ALAN Ambient Treated","2",5.15,"Group2","Week 2 Group2",0.0121634388285309,"ALAN Ambient"
"J2","Centro","ALAN","Ambient","Treated","",423.4,93.2,32.7,7.723193198,"ALAN Ambient Treated","5",3.4,"Group2","Week 5 Group2",0.00803023145961266,"ALAN Ambient"
"J2","Centro","ALAN","Ambient","Treated","",423.4,93.2,32.7,7.723193198,"ALAN Ambient Treated","7",3.85,"Group2","Week 7 Group2",0.00909305621162022,"ALAN Ambient"
"J2","Centro","ALAN","Ambient","Treated","",423.4,93.2,32.7,7.723193198,"ALAN Ambient Treated","9",3.25,"Group2","Week 9 Group2",0.00767595654227681,"ALAN Ambient"
"J3","Centro","ALAN","Warm","Normal","20027927",335.5,76.92,19.4,5.782414307,"ALAN Warm Normal","1",4.25,"Group2","Week 1 Group2",0.0126676602086438,"ALAN Warm"
"J3","Centro","ALAN","Warm","Normal","20027927",335.5,76.92,19.4,5.782414307,"ALAN Warm Normal","2",3.5,"Group2","Week 2 Group2",0.0104321907600596,"ALAN Warm"
"J3","Centro","ALAN","Warm","Normal","20027927",335.5,76.92,19.4,5.782414307,"ALAN Warm Normal","5",1.9,"Group2","Week 5 Group2",0.00566318926974665,"ALAN Warm"
"J3","Centro","ALAN","Warm","Normal","20027927",335.5,76.92,19.4,5.782414307,"ALAN Warm Normal","7",2,"Group2","Week 7 Group2",0.00596125186289121,"ALAN Warm"
"J3","Centro","ALAN","Warm","Normal","20027927",335.5,76.92,19.4,5.782414307,"ALAN Warm Normal","9",1.7,"Group2","Week 9 Group2",0.00506706408345753,"ALAN Warm"
"J4","Centro","ALAN","Warm","Normal","10198055",273.5,75.59,16.8,6.142595978,"ALAN Warm Normal","1",2.25,"Group2","Week 1 Group2",0.00822669104204753,"ALAN Warm"
"J4","Centro","ALAN","Warm","Normal","10198055",273.5,75.59,16.8,6.142595978,"ALAN Warm Normal","2",4,"Group2","Week 2 Group2",0.0146252285191956,"ALAN Warm"
"J4","Centro","ALAN","Warm","Normal","10198055",273.5,75.59,16.8,6.142595978,"ALAN Warm Normal","5",2.55,"Group2","Week 5 Group2",0.0093235831809872,"ALAN Warm"
"J4","Centro","ALAN","Warm","Normal","10198055",273.5,75.59,16.8,6.142595978,"ALAN Warm Normal","7",2.65,"Group2","Week 7 Group2",0.00968921389396709,"ALAN Warm"
"J4","Centro","ALAN","Warm","Normal","10198055",273.5,75.59,16.8,6.142595978,"ALAN Warm Normal","9",2.9,"Group2","Week 9 Group2",0.0106032906764168,"ALAN Warm"
"K1","Centro","Dark","Warm","Normal","20061290",428.5,91.32,35.5,8.284714119,"Dark Warm Normal","1",6.25,"Group2","Week 1 Group2",0.014585764294049,"Dark Warm"
"K1","Centro","Dark","Warm","Normal","20061290",428.5,91.32,35.5,8.284714119,"Dark Warm Normal","2",4.85,"Group2","Week 2 Group2",0.011318553092182,"Dark Warm"
"K1","Centro","Dark","Warm","Normal","20061290",428.5,91.32,35.5,8.284714119,"Dark Warm Normal","5",3.15,"Group2","Week 5 Group2",0.0073512252042007,"Dark Warm"
"K1","Centro","Dark","Warm","Normal","20061290",428.5,91.32,35.5,8.284714119,"Dark Warm Normal","7",4.7,"Group2","Week 7 Group2",0.0109684947491249,"Dark Warm"
"K1","Centro","Dark","Warm","Normal","20061290",428.5,91.32,35.5,8.284714119,"Dark Warm Normal","9",6.5,"Group2","Week 9 Group2",0.015169194865811,"Dark Warm"
"K2","Centro","Dark","Ambient","Normal","",372.7,88.83,7.8,2.092836061,"Dark Ambient Normal","1",4.15,"Group2","Week 1 Group2",0.0111349610947142,"Dark Ambient"
"K2","Centro","Dark","Ambient","Normal","",372.7,88.83,7.8,2.092836061,"Dark Ambient Normal","2",1.15,"Group2","Week 2 Group2",0.00308559162865575,"Dark Ambient"
"K2","Centro","Dark","Ambient","Normal","",372.7,88.83,7.8,2.092836061,"Dark Ambient Normal","5",3.4,"Group2","Week 5 Group2",0.00912261872819962,"Dark Ambient"
"K2","Centro","Dark","Ambient","Normal","",372.7,88.83,7.8,2.092836061,"Dark Ambient Normal","7",1.2,"Group2","Week 7 Group2",0.0032197477864234,"Dark Ambient"
"K2","Centro","Dark","Ambient","Normal","",372.7,88.83,7.8,2.092836061,"Dark Ambient Normal","9",1.65,"Group2","Week 9 Group2",0.00442715320633217,"Dark Ambient"
"K3","Centro","Dark","Warm","Treated","",218,70.49,6.4,2.935779817,"Dark Warm Treated","1",0.9,"Group2","Week 1 Group2",0.00412844036697248,"Dark Warm"
"K3","Centro","Dark","Warm","Treated","",218,70.49,6.4,2.935779817,"Dark Warm Treated","2",0.25,"Group2","Week 2 Group2",0.00114678899082569,"Dark Warm"
"K3","Centro","Dark","Warm","Treated","",218,70.49,6.4,2.935779817,"Dark Warm Treated","5",1.1,"Group2","Week 5 Group2",0.00504587155963303,"Dark Warm"
"K3","Centro","Dark","Warm","Treated","",218,70.49,6.4,2.935779817,"Dark Warm Treated","7",1.5,"Group2","Week 7 Group2",0.00688073394495413,"Dark Warm"
"K3","Centro","Dark","Warm","Treated","",218,70.49,6.4,2.935779817,"Dark Warm Treated","9",1.5,"Group2","Week 9 Group2",0.00688073394495413,"Dark Warm"
"K4","Centro","Dark","Ambient","Normal","10505453",330.5,81.23,7,2.118003026,"Dark Ambient Normal","1",1.8,"Group2","Week 1 Group2",0.00544629349470499,"Dark Ambient"
"K4","Centro","Dark","Ambient","Normal","10505453",330.5,81.23,7,2.118003026,"Dark Ambient Normal","2",2.05,"Group2","Week 2 Group2",0.00620272314674735,"Dark Ambient"
"K4","Centro","Dark","Ambient","Normal","10505453",330.5,81.23,7,2.118003026,"Dark Ambient Normal","5",0.25,"Group2","Week 5 Group2",0.00075642965204236,"Dark Ambient"
"K4","Centro","Dark","Ambient","Normal","10505453",330.5,81.23,7,2.118003026,"Dark Ambient Normal","7",5.6,"Group2","Week 7 Group2",0.0169440242057489,"Dark Ambient"
"K4","Centro","Dark","Ambient","Normal","10505453",330.5,81.23,7,2.118003026,"Dark Ambient Normal","9",1.7,"Group2","Week 9 Group2",0.00514372163388805,"Dark Ambient"
"L1","Centro","ALAN","Warm","Treated","",124.6,60.82,2.1,1.685393258,"ALAN Warm Treated","1",0.35,"Group2","Week 1 Group2",0.00280898876404494,"ALAN Warm"
"L1","Centro","ALAN","Warm","Treated","",124.6,60.82,2.1,1.685393258,"ALAN Warm Treated","2",0.95,"Group2","Week 2 Group2",0.00762439807383628,"ALAN Warm"
"L1","Centro","ALAN","Warm","Treated","",124.6,60.82,2.1,1.685393258,"ALAN Warm Treated","5",1.3,"Group2","Week 5 Group2",0.0104333868378812,"ALAN Warm"
"L1","Centro","ALAN","Warm","Treated","",124.6,60.82,2.1,1.685393258,"ALAN Warm Treated","7",0.25,"Group2","Week 7 Group2",0.00200642054574639,"ALAN Warm"
"L1","Centro","ALAN","Warm","Treated","",124.6,60.82,2.1,1.685393258,"ALAN Warm Treated","9",0.3,"Group2","Week 9 Group2",0.00240770465489567,"ALAN Warm"
"L2","Centro","ALAN","Ambient","Normal","10620255",135.4,59.26,4.8,3.545051699,"ALAN Ambient Normal","1",2.75,"Group2","Week 1 Group2",0.0203101920236337,"ALAN Ambient"
"L2","Centro","ALAN","Ambient","Normal","10620255",135.4,59.26,4.8,3.545051699,"ALAN Ambient Normal","2",1.6,"Group2","Week 2 Group2",0.0118168389955687,"ALAN Ambient"
"L2","Centro","ALAN","Ambient","Normal","10620255",135.4,59.26,4.8,3.545051699,"ALAN Ambient Normal","5",1.45,"Group2","Week 5 Group2",0.0107090103397341,"ALAN Ambient"
"L2","Centro","ALAN","Ambient","Normal","10620255",135.4,59.26,4.8,3.545051699,"ALAN Ambient Normal","7",0.55,"Group2","Week 7 Group2",0.00406203840472674,"ALAN Ambient"
"L2","Centro","ALAN","Ambient","Normal","10620255",135.4,59.26,4.8,3.545051699,"ALAN Ambient Normal","9",2.75,"Group2","Week 9 Group2",0.0203101920236337,"ALAN Ambient"
"L3","Centro","ALAN","Ambient","Treated","10198052",118.4,55.34,0.3,0.253378378,"ALAN Ambient Treated","1",0.05,"Group2","Week 1 Group2",0.000422297297297297,"ALAN Ambient"
"L3","Centro","ALAN","Ambient","Treated","10198052",118.4,55.34,0.3,0.253378378,"ALAN Ambient Treated","2",0.1,"Group2","Week 2 Group2",0.000844594594594595,"ALAN Ambient"
"L3","Centro","ALAN","Ambient","Treated","10198052",118.4,55.34,0.3,0.253378378,"ALAN Ambient Treated","5",1.35,"Group2","Week 5 Group2",0.011402027027027,"ALAN Ambient"
"L3","Centro","ALAN","Ambient","Treated","10198052",118.4,55.34,0.3,0.253378378,"ALAN Ambient Treated","7",0.3,"Group2","Week 7 Group2",0.00253378378378378,"ALAN Ambient"
"L3","Centro","ALAN","Ambient","Treated","10198052",118.4,55.34,0.3,0.253378378,"ALAN Ambient Treated","9",1.15,"Group2","Week 9 Group2",0.00971283783783784,"ALAN Ambient"
"L4","Centro","ALAN","Warm","Normal","",308.1,82.45,16.7,5.420318079,"ALAN Warm Normal","1",3.85,"Group2","Week 1 Group2",0.0124959428756897,"ALAN Warm"
"L4","Centro","ALAN","Warm","Normal","",308.1,82.45,16.7,5.420318079,"ALAN Warm Normal","2",3.7,"Group2","Week 2 Group2",0.012009087958455,"ALAN Warm"
"L4","Centro","ALAN","Warm","Normal","",308.1,82.45,16.7,5.420318079,"ALAN Warm Normal","5",3.85,"Group2","Week 5 Group2",0.0124959428756897,"ALAN Warm"
"L4","Centro","ALAN","Warm","Normal","",308.1,82.45,16.7,5.420318079,"ALAN Warm Normal","7",2.05,"Group2","Week 7 Group2",0.00665368386887374,"ALAN Warm"
"L4","Centro","ALAN","Warm","Normal","",308.1,82.45,16.7,5.420318079,"ALAN Warm Normal","9",4.45,"Group2","Week 9 Group2",0.0144433625446284,"ALAN Warm"
"M1","Centro","Dark","Warm","Normal","20061296",414.5,88.66,42.1,10.15681544,"Dark Warm Normal","1",6.7,"Group2","Week 1 Group2",0.0161640530759952,"Dark Warm"
"M1","Centro","Dark","Warm","Normal","20061296",414.5,88.66,42.1,10.15681544,"Dark Warm Normal","2",2.35,"Group1","Week 2 Group1",0.00566948130277443,"Dark Warm"
"M1","Centro","Dark","Warm","Normal","20061296",414.5,88.66,42.1,10.15681544,"Dark Warm Normal","5",5.3,"Group1","Week 5 Group1",0.0127864897466828,"Dark Warm"
"M1","Centro","Dark","Warm","Normal","20061296",414.5,88.66,42.1,10.15681544,"Dark Warm Normal","7",3.85,"Group1","Week 7 Group1",0.00928829915560917,"Dark Warm"
"M1","Centro","Dark","Warm","Normal","20061296",414.5,88.66,42.1,10.15681544,"Dark Warm Normal","9",3.95,"Group1","Week 9 Group1",0.00952955367913148,"Dark Warm"
"M2","Centro","Dark","Warm","Normal","",328.8,77.5,9.3,2.828467153,"Dark Warm Normal","1",3.445,"Group2","Week 1 Group2",0.0104774939172749,"Dark Warm"
"M2","Centro","Dark","Warm","Normal","",328.8,77.5,9.3,2.828467153,"Dark Warm Normal","2",3.05,"Group1","Week 2 Group1",0.00927615571776156,"Dark Warm"
"M2","Centro","Dark","Warm","Normal","",328.8,77.5,9.3,2.828467153,"Dark Warm Normal","5",1.95,"Group1","Week 5 Group1",0.00593065693430657,"Dark Warm"
"M2","Centro","Dark","Warm","Normal","",328.8,77.5,9.3,2.828467153,"Dark Warm Normal","7",3,"Group1","Week 7 Group1",0.00912408759124088,"Dark Warm"
"M2","Centro","Dark","Warm","Normal","",328.8,77.5,9.3,2.828467153,"Dark Warm Normal","9",0.95,"Group1","Week 9 Group1",0.00288929440389294,"Dark Warm"
"M3","Centro","Dark","Ambient","Normal","20056156",461.9,91.25,25.1,5.43407664,"Dark Ambient Normal","1",7.15,"Group2","Week 1 Group2",0.0154795410261961,"Dark Ambient"
"M3","Centro","Dark","Ambient","Normal","20056156",461.9,91.25,25.1,5.43407664,"Dark Ambient Normal","2",4.55,"Group2","Week 2 Group2",0.00985061701667028,"Dark Ambient"
"M3","Centro","Dark","Ambient","Normal","20056156",461.9,91.25,25.1,5.43407664,"Dark Ambient Normal","5",2.3,"Group2","Week 5 Group2",0.0049794327776575,"Dark Ambient"
"M3","Centro","Dark","Ambient","Normal","20056156",461.9,91.25,25.1,5.43407664,"Dark Ambient Normal","7",2.5,"Group2","Week 7 Group2",0.00541242693223642,"Dark Ambient"
"M3","Centro","Dark","Ambient","Normal","20056156",461.9,91.25,25.1,5.43407664,"Dark Ambient Normal","9",2.9,"Group2","Week 9 Group2",0.00627841524139424,"Dark Ambient"
"M4","Centro","Dark","Ambient","Treated","20061304",374.1,89.76,35,9.355787223,"Dark Ambient Treated","1",0.35,"Group2","Week 1 Group2",0.000935578722266773,"Dark Ambient"
"M4","Centro","Dark","Ambient","Treated","20061304",374.1,89.76,35,9.355787223,"Dark Ambient Treated","2",3.65,"Group2","Week 2 Group2",0.00975674953221064,"Dark Ambient"
"M4","Centro","Dark","Ambient","Treated","20061304",374.1,89.76,35,9.355787223,"Dark Ambient Treated","5",0.5,"Group2","Week 5 Group2",0.00133654103180968,"Dark Ambient"
"M4","Centro","Dark","Ambient","Treated","20061304",374.1,89.76,35,9.355787223,"Dark Ambient Treated","7",3.2,"Group2","Week 7 Group2",0.00855386260358193,"Dark Ambient"
"M4","Centro","Dark","Ambient","Treated","20061304",374.1,89.76,35,9.355787223,"Dark Ambient Treated","9",0.95,"Group2","Week 9 Group2",0.00253942796043838,"Dark Ambient"
"N1","Centro","ALAN","Ambient","Normal","20065891",341.9,81.58,29.9,8.745247148,"ALAN Ambient Normal","1",0,"Group2","Week 1 Group2",0,"ALAN Ambient"
"N1","Centro","ALAN","Ambient","Normal","20065891",341.9,81.58,29.9,8.745247148,"ALAN Ambient Normal","2",2,"Group2","Week 2 Group2",0.00584966364434045,"ALAN Ambient"
"N1","Centro","ALAN","Ambient","Normal","20065891",341.9,81.58,29.9,8.745247148,"ALAN Ambient Normal","5",0.1,"Group2","Week 5 Group2",0.000292483182217023,"ALAN Ambient"
"N1","Centro","ALAN","Ambient","Normal","20065891",341.9,81.58,29.9,8.745247148,"ALAN Ambient Normal","7",1.2,"Group2","Week 7 Group2",0.00350979818660427,"ALAN Ambient"
"N1","Centro","ALAN","Ambient","Normal","20065891",341.9,81.58,29.9,8.745247148,"ALAN Ambient Normal","9",0.1,"Group2","Week 9 Group2",0.000292483182217023,"ALAN Ambient"
"N2","Centro","ALAN","Warm","Normal","10126138",185.5,66.82,8.1,4.366576819,"ALAN Warm Normal","1",0,"Group2","Week 1 Group2",0,"ALAN Warm"
"N2","Centro","ALAN","Warm","Normal","10126138",185.5,66.82,8.1,4.366576819,"ALAN Warm Normal","2",3.3,"Group2","Week 2 Group2",0.0177897574123989,"ALAN Warm"
"N2","Centro","ALAN","Warm","Normal","10126138",185.5,66.82,8.1,4.366576819,"ALAN Warm Normal","5",3.2,"Group2","Week 5 Group2",0.0172506738544474,"ALAN Warm"
"N2","Centro","ALAN","Warm","Normal","10126138",185.5,66.82,8.1,4.366576819,"ALAN Warm Normal","7",2.6,"Group2","Week 7 Group2",0.0140161725067385,"ALAN Warm"
"N2","Centro","ALAN","Warm","Normal","10126138",185.5,66.82,8.1,4.366576819,"ALAN Warm Normal","9",1.95,"Group2","Week 9 Group2",0.0105121293800539,"ALAN Warm"
"N3","Centro","ALAN","Warm","Normal","",114.4,58.17,3.5,3.059440559,"ALAN Warm Normal","1",4.55,"Group2","Week 1 Group2",0.0397727272727273,"ALAN Warm"
"N3","Centro","ALAN","Warm","Normal","",114.4,58.17,3.5,3.059440559,"ALAN Warm Normal","2",1.35,"Group2","Week 2 Group2",0.0118006993006993,"ALAN Warm"
"N3","Centro","ALAN","Warm","Normal","",114.4,58.17,3.5,3.059440559,"ALAN Warm Normal","5",2,"Group2","Week 5 Group2",0.0174825174825175,"ALAN Warm"
"N3","Centro","ALAN","Warm","Normal","",114.4,58.17,3.5,3.059440559,"ALAN Warm Normal","7",1.6,"Group2","Week 7 Group2",0.013986013986014,"ALAN Warm"
"N3","Centro","ALAN","Warm","Normal","",114.4,58.17,3.5,3.059440559,"ALAN Warm Normal","9",2.15,"Group2","Week 9 Group2",0.0187937062937063,"ALAN Warm"
"N4","Centro","ALAN","Ambient","Normal","20061297",157.3,64.66,7.4,4.704386523,"ALAN Ambient Normal","1",3.15,"Group2","Week 1 Group2",0.0200254291163382,"ALAN Ambient"
"N4","Centro","ALAN","Ambient","Normal","20061297",157.3,64.66,7.4,4.704386523,"ALAN Ambient Normal","2",1.85,"Group2","Week 2 Group2",0.0117609663064209,"ALAN Ambient"
"N4","Centro","ALAN","Ambient","Normal","20061297",157.3,64.66,7.4,4.704386523,"ALAN Ambient Normal","5",0.65,"Group2","Week 5 Group2",0.00413223140495868,"ALAN Ambient"
"N4","Centro","ALAN","Ambient","Normal","20061297",157.3,64.66,7.4,4.704386523,"ALAN Ambient Normal","7",0.8,"Group2","Week 7 Group2",0.00508582326764145,"ALAN Ambient"
"N4","Centro","ALAN","Ambient","Normal","20061297",157.3,64.66,7.4,4.704386523,"ALAN Ambient Normal","9",1.6,"Group2","Week 9 Group2",0.0101716465352829,"ALAN Ambient"
